-- MariaDB dump 10.19-11.1.2-MariaDB, for osx10.16 (arm64)
--
-- Host: 192.168.192.3    Database: acore_characters
-- ------------------------------------------------------
-- Server version	8.0.34

/*!40101 SET @OLD_CHARACTER_SET_CLIENT=@@CHARACTER_SET_CLIENT */;
/*!40101 SET @OLD_CHARACTER_SET_RESULTS=@@CHARACTER_SET_RESULTS */;
/*!40101 SET @OLD_COLLATION_CONNECTION=@@COLLATION_CONNECTION */;
/*!40101 SET NAMES utf8mb4 */;
/*!40103 SET @OLD_TIME_ZONE=@@TIME_ZONE */;
/*!40103 SET TIME_ZONE='+00:00' */;
/*!40014 SET @OLD_UNIQUE_CHECKS=@@UNIQUE_CHECKS, UNIQUE_CHECKS=0 */;
/*!40014 SET @OLD_FOREIGN_KEY_CHECKS=@@FOREIGN_KEY_CHECKS, FOREIGN_KEY_CHECKS=0 */;
/*!40101 SET @OLD_SQL_MODE=@@SQL_MODE, SQL_MODE='NO_AUTO_VALUE_ON_ZERO' */;
/*!40111 SET @OLD_SQL_NOTES=@@SQL_NOTES, SQL_NOTES=0 */;

--
-- Table structure for table `account_data`
--

DROP TABLE IF EXISTS `account_data`;
/*!40101 SET @saved_cs_client     = @@character_set_client */;
/*!40101 SET character_set_client = utf8 */;
CREATE TABLE `account_data` (
  `accountId` int unsigned NOT NULL DEFAULT '0' COMMENT 'Account Identifier',
  `type` tinyint unsigned NOT NULL DEFAULT '0',
  `time` int unsigned NOT NULL DEFAULT '0',
  `data` blob NOT NULL,
  PRIMARY KEY (`accountId`,`type`)
) ENGINE=InnoDB DEFAULT CHARSET=utf8mb4 COLLATE=utf8mb4_unicode_ci;
/*!40101 SET character_set_client = @saved_cs_client */;

--
-- Dumping data for table `account_data`
--

/*!40000 ALTER TABLE `account_data` DISABLE KEYS */;
INSERT INTO `account_data` VALUES
(1,0,1697029375,0x534554206175746F4C6F6F7444656661756C74202231220A53455420646973706C617946726565426167536C6F7473202231220A53455420666C61676765645475746F7269616C732022760123234D23232523232623232423232823232A23232B23234523235B23232E23232F23232923233B23235823235A23235C23233823235D23233123235E23234E23234B23233723232C23233C23233A23233F23234023234123234223234723233923234923234423233023234A23235623232D23235923233D232355220A53455420636861745374796C652022636C6173736963220A53455420656E61626C65436F6D62617454657874202230220A53455420706C6179657253746174757354657874202231220A5345542070657453746174757354657874202231220A53455420706172747953746174757354657874202231220A534554207374617475735465787450657263656E74616765202231220A5345542063616D657261596177536D6F6F7468537065656420223930220A5345542063616D657261536D6F6F74685374796C65202230220A5345542063616D6572615069766F74202230220A5345542063616D65726144697374616E63654D6178466163746F72202232220A5345542073686F774E657762696554697073202230220A5345542074616C656E744672616D6553686F776E202231220A),
(1,2,1696766458,0x6D6F646966696564636C69636B20414C54204155544F4C4F4F54544F47474C450D0A),
(1,4,1696863031,0x4D4143524F20312022E59D90E9AA9122204162696C6974795F4D6F756E745F436861726765720D0A2F52616E646F6D4D6F756E740D0A454E440D0A),
(2,0,1696860719,0x534554206175746F4C6F6F7444656661756C74202231220A53455420666C61676765645475746F7269616C732022760123234D23232523232623232423235823232B23232C23233A23232823232A23234523235A23235B23233823232923233B23235E23235D23232E23232F23233123234B23235C220A53455420636861745374796C652022636C6173736963220A53455420656E61626C65436F6D62617454657874202230220A53455420706C6179657253746174757354657874202231220A5345542070657453746174757354657874202231220A53455420706172747953746174757354657874202231220A534554207374617475735465787450657263656E74616765202231220A5345542063616D65726144697374616E63654D6178466163746F72202231220A5345542073686F774E657762696554697073202230220A),
(2,4,1696860717,0x4D4143524F20312022E59D90E9AA9122204162696C6974795F4D6F756E745F436861726765720D0A2F52616E646F6D4D6F756E740D0A454E440D0A),
(3,0,1697029439,0x53455420646973706C617946726565426167536C6F7473202231220A53455420666C61676765645475746F7269616C732022760123234D23232523232623232423235C23233B23232E23232F23235E23232C23235D23233123233723234123234223233A23233923234923234423233023234A23235623234B23233D23232D23235923233C23233F232340232346220A53455420706C6179657253746174757354657874202231220A5345542063616D65726144697374616E63654D6178466163746F72202231220A5345542074616C656E744672616D6553686F776E202231220A),
(3,4,1696768148,0x4D4143524F2031202242465F4D6F756E7422204162696C6974795F4D6F756E745F436861726765720D0A2F62666D6F756E740D0A454E440D0A);
/*!40000 ALTER TABLE `account_data` ENABLE KEYS */;

--
-- Table structure for table `account_instance_times`
--

DROP TABLE IF EXISTS `account_instance_times`;
/*!40101 SET @saved_cs_client     = @@character_set_client */;
/*!40101 SET character_set_client = utf8 */;
CREATE TABLE `account_instance_times` (
  `accountId` int unsigned NOT NULL,
  `instanceId` int unsigned NOT NULL DEFAULT '0',
  `releaseTime` bigint unsigned NOT NULL DEFAULT '0',
  PRIMARY KEY (`accountId`,`instanceId`)
) ENGINE=InnoDB DEFAULT CHARSET=utf8mb4 COLLATE=utf8mb4_unicode_ci;
/*!40101 SET character_set_client = @saved_cs_client */;

--
-- Dumping data for table `account_instance_times`
--

/*!40000 ALTER TABLE `account_instance_times` DISABLE KEYS */;
/*!40000 ALTER TABLE `account_instance_times` ENABLE KEYS */;

--
-- Table structure for table `account_tutorial`
--

DROP TABLE IF EXISTS `account_tutorial`;
/*!40101 SET @saved_cs_client     = @@character_set_client */;
/*!40101 SET character_set_client = utf8 */;
CREATE TABLE `account_tutorial` (
  `accountId` int unsigned NOT NULL DEFAULT '0' COMMENT 'Account Identifier',
  `tut0` int unsigned NOT NULL DEFAULT '0',
  `tut1` int unsigned NOT NULL DEFAULT '0',
  `tut2` int unsigned NOT NULL DEFAULT '0',
  `tut3` int unsigned NOT NULL DEFAULT '0',
  `tut4` int unsigned NOT NULL DEFAULT '0',
  `tut5` int unsigned NOT NULL DEFAULT '0',
  `tut6` int unsigned NOT NULL DEFAULT '0',
  `tut7` int unsigned NOT NULL DEFAULT '0',
  PRIMARY KEY (`accountId`)
) ENGINE=InnoDB DEFAULT CHARSET=utf8mb4 COLLATE=utf8mb4_unicode_ci COMMENT='Player System';
/*!40101 SET character_set_client = @saved_cs_client */;

--
-- Dumping data for table `account_tutorial`
--

/*!40000 ALTER TABLE `account_tutorial` DISABLE KEYS */;
INSERT INTO `account_tutorial` VALUES
(1,2079866871,133564155,0,0,0,0,0,0),
(2,13643255,131072642,0,0,0,0,0,0),
(3,2079866871,133432039,0,0,0,0,0,0);
/*!40000 ALTER TABLE `account_tutorial` ENABLE KEYS */;

--
-- Table structure for table `addons`
--

DROP TABLE IF EXISTS `addons`;
/*!40101 SET @saved_cs_client     = @@character_set_client */;
/*!40101 SET character_set_client = utf8 */;
CREATE TABLE `addons` (
  `name` varchar(120) CHARACTER SET utf8mb4 COLLATE utf8mb4_unicode_ci NOT NULL DEFAULT '',
  `crc` int unsigned NOT NULL DEFAULT '0',
  PRIMARY KEY (`name`)
) ENGINE=InnoDB DEFAULT CHARSET=utf8mb4 COLLATE=utf8mb4_unicode_ci COMMENT='Addons';
/*!40101 SET character_set_client = @saved_cs_client */;

--
-- Dumping data for table `addons`
--

/*!40000 ALTER TABLE `addons` DISABLE KEYS */;
INSERT INTO `addons` VALUES
('Blizzard_AchievementUI',1276933997),
('Blizzard_ArenaUI',1276933997),
('Blizzard_AuctionUI',1276933997),
('Blizzard_BarbershopUI',1276933997),
('Blizzard_BattlefieldMinimap',1276933997),
('Blizzard_BindingUI',1276933997),
('Blizzard_Calendar',1276933997),
('Blizzard_CombatLog',1276933997),
('Blizzard_CombatText',1276933997),
('Blizzard_DebugTools',1276933997),
('Blizzard_GlyphUI',1276933997),
('Blizzard_GMChatUI',1276933997),
('Blizzard_GMSurveyUI',1276933997),
('Blizzard_GuildBankUI',1276933997),
('Blizzard_InspectUI',1276933997),
('Blizzard_ItemSocketingUI',1276933997),
('Blizzard_MacroUI',1276933997),
('Blizzard_RaidUI',1276933997),
('Blizzard_TalentUI',1276933997),
('Blizzard_TimeManager',1276933997),
('Blizzard_TokenUI',1276933997),
('Blizzard_TradeSkillUI',1276933997),
('Blizzard_TrainerUI',1276933997);
/*!40000 ALTER TABLE `addons` ENABLE KEYS */;

--
-- Table structure for table `arena_team`
--

DROP TABLE IF EXISTS `arena_team`;
/*!40101 SET @saved_cs_client     = @@character_set_client */;
/*!40101 SET character_set_client = utf8 */;
CREATE TABLE `arena_team` (
  `arenaTeamId` int unsigned NOT NULL DEFAULT '0',
  `name` varchar(24) CHARACTER SET utf8mb4 COLLATE utf8mb4_unicode_ci NOT NULL,
  `captainGuid` int unsigned NOT NULL DEFAULT '0',
  `type` tinyint unsigned NOT NULL DEFAULT '0',
  `rating` smallint unsigned NOT NULL DEFAULT '0',
  `seasonGames` smallint unsigned NOT NULL DEFAULT '0',
  `seasonWins` smallint unsigned NOT NULL DEFAULT '0',
  `weekGames` smallint unsigned NOT NULL DEFAULT '0',
  `weekWins` smallint unsigned NOT NULL DEFAULT '0',
  `rank` int unsigned NOT NULL DEFAULT '0',
  `backgroundColor` int unsigned NOT NULL DEFAULT '0',
  `emblemStyle` tinyint unsigned NOT NULL DEFAULT '0',
  `emblemColor` int unsigned NOT NULL DEFAULT '0',
  `borderStyle` tinyint unsigned NOT NULL DEFAULT '0',
  `borderColor` int unsigned NOT NULL DEFAULT '0',
  PRIMARY KEY (`arenaTeamId`)
) ENGINE=InnoDB DEFAULT CHARSET=utf8mb4 COLLATE=utf8mb4_unicode_ci;
/*!40101 SET character_set_client = @saved_cs_client */;

--
-- Dumping data for table `arena_team`
--

/*!40000 ALTER TABLE `arena_team` DISABLE KEYS */;
/*!40000 ALTER TABLE `arena_team` ENABLE KEYS */;

--
-- Table structure for table `arena_team_member`
--

DROP TABLE IF EXISTS `arena_team_member`;
/*!40101 SET @saved_cs_client     = @@character_set_client */;
/*!40101 SET character_set_client = utf8 */;
CREATE TABLE `arena_team_member` (
  `arenaTeamId` int unsigned NOT NULL DEFAULT '0',
  `guid` int unsigned NOT NULL DEFAULT '0',
  `weekGames` smallint unsigned NOT NULL DEFAULT '0',
  `weekWins` smallint unsigned NOT NULL DEFAULT '0',
  `seasonGames` smallint unsigned NOT NULL DEFAULT '0',
  `seasonWins` smallint unsigned NOT NULL DEFAULT '0',
  `personalRating` smallint NOT NULL DEFAULT '0',
  PRIMARY KEY (`arenaTeamId`,`guid`)
) ENGINE=InnoDB DEFAULT CHARSET=utf8mb4 COLLATE=utf8mb4_unicode_ci;
/*!40101 SET character_set_client = @saved_cs_client */;

--
-- Dumping data for table `arena_team_member`
--

/*!40000 ALTER TABLE `arena_team_member` DISABLE KEYS */;
/*!40000 ALTER TABLE `arena_team_member` ENABLE KEYS */;

--
-- Table structure for table `auctionhouse`
--

DROP TABLE IF EXISTS `auctionhouse`;
/*!40101 SET @saved_cs_client     = @@character_set_client */;
/*!40101 SET character_set_client = utf8 */;
CREATE TABLE `auctionhouse` (
  `id` int unsigned NOT NULL DEFAULT '0',
  `houseid` tinyint unsigned NOT NULL DEFAULT '7',
  `itemguid` int unsigned NOT NULL DEFAULT '0',
  `itemowner` int unsigned NOT NULL DEFAULT '0',
  `buyoutprice` int unsigned NOT NULL DEFAULT '0',
  `time` int unsigned NOT NULL DEFAULT '0',
  `buyguid` int unsigned NOT NULL DEFAULT '0',
  `lastbid` int unsigned NOT NULL DEFAULT '0',
  `startbid` int unsigned NOT NULL DEFAULT '0',
  `deposit` int unsigned NOT NULL DEFAULT '0',
  PRIMARY KEY (`id`),
  UNIQUE KEY `item_guid` (`itemguid`)
) ENGINE=InnoDB DEFAULT CHARSET=utf8mb4 COLLATE=utf8mb4_unicode_ci;
/*!40101 SET character_set_client = @saved_cs_client */;

--
-- Dumping data for table `auctionhouse`
--

/*!40000 ALTER TABLE `auctionhouse` DISABLE KEYS */;
/*!40000 ALTER TABLE `auctionhouse` ENABLE KEYS */;

--
-- Table structure for table `banned_addons`
--

DROP TABLE IF EXISTS `banned_addons`;
/*!40101 SET @saved_cs_client     = @@character_set_client */;
/*!40101 SET character_set_client = utf8 */;
CREATE TABLE `banned_addons` (
  `Id` int unsigned NOT NULL AUTO_INCREMENT,
  `Name` varchar(255) CHARACTER SET utf8mb4 COLLATE utf8mb4_unicode_ci NOT NULL,
  `Version` varchar(255) CHARACTER SET utf8mb4 COLLATE utf8mb4_unicode_ci NOT NULL DEFAULT '',
  `Timestamp` timestamp NOT NULL DEFAULT CURRENT_TIMESTAMP ON UPDATE CURRENT_TIMESTAMP,
  PRIMARY KEY (`Id`),
  UNIQUE KEY `idx_name_ver` (`Name`,`Version`)
) ENGINE=InnoDB DEFAULT CHARSET=utf8mb4 COLLATE=utf8mb4_unicode_ci;
/*!40101 SET character_set_client = @saved_cs_client */;

--
-- Dumping data for table `banned_addons`
--

/*!40000 ALTER TABLE `banned_addons` DISABLE KEYS */;
/*!40000 ALTER TABLE `banned_addons` ENABLE KEYS */;

--
-- Table structure for table `battleground_deserters`
--

DROP TABLE IF EXISTS `battleground_deserters`;
/*!40101 SET @saved_cs_client     = @@character_set_client */;
/*!40101 SET character_set_client = utf8 */;
CREATE TABLE `battleground_deserters` (
  `guid` int unsigned NOT NULL COMMENT 'characters.guid',
  `type` tinyint unsigned NOT NULL COMMENT 'type of the desertion',
  `datetime` datetime NOT NULL COMMENT 'datetime of the desertion'
) ENGINE=InnoDB DEFAULT CHARSET=utf8mb4 COLLATE=utf8mb4_unicode_ci;
/*!40101 SET character_set_client = @saved_cs_client */;

--
-- Dumping data for table `battleground_deserters`
--

/*!40000 ALTER TABLE `battleground_deserters` DISABLE KEYS */;
/*!40000 ALTER TABLE `battleground_deserters` ENABLE KEYS */;

--
-- Table structure for table `bugreport`
--

DROP TABLE IF EXISTS `bugreport`;
/*!40101 SET @saved_cs_client     = @@character_set_client */;
/*!40101 SET character_set_client = utf8 */;
CREATE TABLE `bugreport` (
  `id` int unsigned NOT NULL AUTO_INCREMENT COMMENT 'Identifier',
  `type` longtext CHARACTER SET utf8mb4 COLLATE utf8mb4_unicode_ci NOT NULL,
  `content` longtext CHARACTER SET utf8mb4 COLLATE utf8mb4_unicode_ci NOT NULL,
  PRIMARY KEY (`id`)
) ENGINE=InnoDB DEFAULT CHARSET=utf8mb4 COLLATE=utf8mb4_unicode_ci COMMENT='Debug System';
/*!40101 SET character_set_client = @saved_cs_client */;

--
-- Dumping data for table `bugreport`
--

/*!40000 ALTER TABLE `bugreport` DISABLE KEYS */;
/*!40000 ALTER TABLE `bugreport` ENABLE KEYS */;

--
-- Table structure for table `calendar_events`
--

DROP TABLE IF EXISTS `calendar_events`;
/*!40101 SET @saved_cs_client     = @@character_set_client */;
/*!40101 SET character_set_client = utf8 */;
CREATE TABLE `calendar_events` (
  `id` bigint unsigned NOT NULL DEFAULT '0',
  `creator` int unsigned NOT NULL DEFAULT '0',
  `title` varchar(255) CHARACTER SET utf8mb4 COLLATE utf8mb4_unicode_ci NOT NULL DEFAULT '',
  `description` varchar(255) CHARACTER SET utf8mb4 COLLATE utf8mb4_unicode_ci NOT NULL DEFAULT '',
  `type` tinyint unsigned NOT NULL DEFAULT '4',
  `dungeon` int NOT NULL DEFAULT '-1',
  `eventtime` int unsigned NOT NULL DEFAULT '0',
  `flags` int unsigned NOT NULL DEFAULT '0',
  `time2` int unsigned NOT NULL DEFAULT '0',
  PRIMARY KEY (`id`)
) ENGINE=InnoDB DEFAULT CHARSET=utf8mb4 COLLATE=utf8mb4_unicode_ci;
/*!40101 SET character_set_client = @saved_cs_client */;

--
-- Dumping data for table `calendar_events`
--

/*!40000 ALTER TABLE `calendar_events` DISABLE KEYS */;
/*!40000 ALTER TABLE `calendar_events` ENABLE KEYS */;

--
-- Table structure for table `calendar_invites`
--

DROP TABLE IF EXISTS `calendar_invites`;
/*!40101 SET @saved_cs_client     = @@character_set_client */;
/*!40101 SET character_set_client = utf8 */;
CREATE TABLE `calendar_invites` (
  `id` bigint unsigned NOT NULL DEFAULT '0',
  `event` bigint unsigned NOT NULL DEFAULT '0',
  `invitee` int unsigned NOT NULL DEFAULT '0',
  `sender` int unsigned NOT NULL DEFAULT '0',
  `status` tinyint unsigned NOT NULL DEFAULT '0',
  `statustime` int unsigned NOT NULL DEFAULT '0',
  `rank` tinyint unsigned NOT NULL DEFAULT '0',
  `text` varchar(255) CHARACTER SET utf8mb4 COLLATE utf8mb4_unicode_ci NOT NULL DEFAULT '',
  PRIMARY KEY (`id`)
) ENGINE=InnoDB DEFAULT CHARSET=utf8mb4 COLLATE=utf8mb4_unicode_ci;
/*!40101 SET character_set_client = @saved_cs_client */;

--
-- Dumping data for table `calendar_invites`
--

/*!40000 ALTER TABLE `calendar_invites` DISABLE KEYS */;
/*!40000 ALTER TABLE `calendar_invites` ENABLE KEYS */;

--
-- Table structure for table `channels`
--

DROP TABLE IF EXISTS `channels`;
/*!40101 SET @saved_cs_client     = @@character_set_client */;
/*!40101 SET character_set_client = utf8 */;
CREATE TABLE `channels` (
  `channelId` int unsigned NOT NULL AUTO_INCREMENT,
  `name` varchar(128) CHARACTER SET utf8mb4 COLLATE utf8mb4_unicode_ci NOT NULL,
  `team` int unsigned NOT NULL,
  `announce` tinyint unsigned NOT NULL DEFAULT '1',
  `ownership` tinyint unsigned NOT NULL DEFAULT '1',
  `password` varchar(32) CHARACTER SET utf8mb4 COLLATE utf8mb4_unicode_ci DEFAULT NULL,
  `lastUsed` int unsigned NOT NULL,
  PRIMARY KEY (`channelId`)
) ENGINE=InnoDB AUTO_INCREMENT=20 DEFAULT CHARSET=utf8mb4 COLLATE=utf8mb4_unicode_ci COMMENT='Channel System';
/*!40101 SET character_set_client = @saved_cs_client */;

--
-- Dumping data for table `channels`
--

/*!40000 ALTER TABLE `channels` DISABLE KEYS */;
INSERT INTO `channels` VALUES
(1,'大脚世界频道',1,1,1,NULL,1697033080),
(2,'LFGForwarder2IIll',1,1,1,NULL,1696863064),
(3,'LFGForwarder2IIll',1,1,1,NULL,1696935030),
(4,'LFGForwarder2IIll',1,1,1,NULL,1696936129),
(5,'LFGForwarder2IIll',1,1,1,NULL,1696938395),
(6,'LFGForwarder2IIll',1,1,1,NULL,1696939963),
(7,'LFGForwarder2IIll',1,1,1,NULL,1696950466),
(8,'LFGForwarder2IIll',0,1,1,NULL,1696940657),
(9,'LFGForwarder2IIll',1,1,1,NULL,1696951800),
(10,'LFGForwarder2IIll',1,1,1,NULL,1697020923),
(11,'LFGForwarder2IIll',1,1,1,NULL,1697022469),
(12,'LFGForwarder2IIll',1,1,1,NULL,1697022516),
(13,'LFGForwarder2IIll',1,1,1,NULL,1697022700),
(14,'LFGForwarder2IIll',1,1,1,NULL,1697023259),
(15,'LFGForwarder2IIll',1,1,1,NULL,1697023602),
(16,'LFGForwarder2IIll',1,1,1,NULL,1697032352),
(17,'LFGForwarder2IIll',1,1,1,NULL,1697093756),
(18,'LFGForwarder2IIll',1,1,1,NULL,1697093880),
(19,'LFGForwarder2IIll',1,1,1,NULL,1697098483);
/*!40000 ALTER TABLE `channels` ENABLE KEYS */;

--
-- Table structure for table `channels_bans`
--

DROP TABLE IF EXISTS `channels_bans`;
/*!40101 SET @saved_cs_client     = @@character_set_client */;
/*!40101 SET character_set_client = utf8 */;
CREATE TABLE `channels_bans` (
  `channelId` int unsigned NOT NULL,
  `playerGUID` int unsigned NOT NULL,
  `banTime` int unsigned NOT NULL,
  PRIMARY KEY (`channelId`,`playerGUID`)
) ENGINE=InnoDB DEFAULT CHARSET=utf8mb4 COLLATE=utf8mb4_unicode_ci;
/*!40101 SET character_set_client = @saved_cs_client */;

--
-- Dumping data for table `channels_bans`
--

/*!40000 ALTER TABLE `channels_bans` DISABLE KEYS */;
/*!40000 ALTER TABLE `channels_bans` ENABLE KEYS */;

--
-- Table structure for table `channels_rights`
--

DROP TABLE IF EXISTS `channels_rights`;
/*!40101 SET @saved_cs_client     = @@character_set_client */;
/*!40101 SET character_set_client = utf8 */;
CREATE TABLE `channels_rights` (
  `name` varchar(128) CHARACTER SET utf8mb4 COLLATE utf8mb4_unicode_ci NOT NULL,
  `flags` int unsigned NOT NULL,
  `speakdelay` int unsigned NOT NULL,
  `joinmessage` varchar(255) CHARACTER SET utf8mb4 COLLATE utf8mb4_unicode_ci NOT NULL DEFAULT '',
  `delaymessage` varchar(255) CHARACTER SET utf8mb4 COLLATE utf8mb4_unicode_ci NOT NULL DEFAULT '',
  `moderators` text CHARACTER SET utf8mb4 COLLATE utf8mb4_unicode_ci,
  PRIMARY KEY (`name`)
) ENGINE=InnoDB DEFAULT CHARSET=utf8mb4 COLLATE=utf8mb4_unicode_ci;
/*!40101 SET character_set_client = @saved_cs_client */;

--
-- Dumping data for table `channels_rights`
--

/*!40000 ALTER TABLE `channels_rights` DISABLE KEYS */;
/*!40000 ALTER TABLE `channels_rights` ENABLE KEYS */;

--
-- Table structure for table `character_account_data`
--

DROP TABLE IF EXISTS `character_account_data`;
/*!40101 SET @saved_cs_client     = @@character_set_client */;
/*!40101 SET character_set_client = utf8 */;
CREATE TABLE `character_account_data` (
  `guid` int unsigned NOT NULL DEFAULT '0',
  `type` tinyint unsigned NOT NULL DEFAULT '0',
  `time` int unsigned NOT NULL DEFAULT '0',
  `data` blob NOT NULL,
  PRIMARY KEY (`guid`,`type`)
) ENGINE=InnoDB DEFAULT CHARSET=utf8mb4 COLLATE=utf8mb4_unicode_ci;
/*!40101 SET character_set_client = @saved_cs_client */;

--
-- Dumping data for table `character_account_data`
--

/*!40000 ALTER TABLE `character_account_data` DISABLE KEYS */;
INSERT INTO `character_account_data` VALUES
(3,1,1696860720,0x5345542065717569706D656E744D616E61676572202231220A534554206D696E696D61705A6F6F6D202231220A5345542071756573744C6F67436F6C6C6170736546696C74657220222D31220A53455420747261636B656451756573747320227601232B3023334223473F220A53455420747261636B6564416368696576656D656E747320227601220A53455420747261636B6572536F7274696E67202231220A5345542066756C6C53697A65466F6375734672616D65202231220A5345542063616D657261536176656444697374616E63652022392E303934303232220A5345542063616D65726153617665645069746368202232312E343232383534220A53455420706C61796572537461744C65667444726F70646F776E2022504C41594552535441545F424153455F5354415453220A53455420706C6179657253746174526967687444726F70646F776E2022504C41594552535441545F4D454C45455F434F4D424154220A534554206175746F46696C6C65644D756C746943617374536C6F7473202232220A),
(3,7,1696860718,0x56455253494F4E20350A0A414444454456455253494F4E2031330A0A4F5054494F4E5F4755494C445F524543525549544D454E545F4348414E4E454C204155544F0A0A4348414E4E454C530A454E440A0A5A4F4E454348414E4E454C532033353635313538370A0A434F4C4F52530A53595354454D20323535203235352030204E0A534159203235352032353520323535204E0A5041525459203137302031373020323535204E0A5241494420323535203132372030204E0A4755494C4420363420323535203634204E0A4F46464943455220363420313932203634204E0A59454C4C20323535203634203634204E0A57484953504552203235352031323820323535204E0A574849535045525F464F524549474E203235352031323820323535204E0A574849535045525F494E464F524D203235352031323820323535204E0A454D4F54452032353520313238203634204E0A544558545F454D4F54452032353520313238203634204E0A4D4F4E535445525F534159203235352032353520313539204E0A4D4F4E535445525F5041525459203137302031373020323535204E0A4D4F4E535445525F59454C4C20323535203634203634204E0A4D4F4E535445525F57484953504552203235352031383120323335204E0A4D4F4E535445525F454D4F54452032353520313238203634204E0A4348414E4E454C203235352031393220313932204E0A4348414E4E454C5F4A4F494E203139322031323820313238204E0A4348414E4E454C5F4C45415645203139322031323820313238204E0A4348414E4E454C5F4C495354203139322031323820313238204E0A4348414E4E454C5F4E4F54494345203139322031393220313932204E0A4348414E4E454C5F4E4F544943455F55534552203139322031393220313932204E0A41464B203235352031323820323535204E0A444E44203235352031323820323535204E0A49474E4F5245442032353520302030204E0A534B494C4C20383520383520323535204E0A4C4F4F542030203137302030204E0A4D4F4E455920323535203235352030204E0A4F50454E494E47203132382031323820323535204E0A5452414445534B494C4C53203235352032353520323535204E0A5045545F494E464F203132382031323820323535204E0A434F4D4241545F4D4953435F494E464F203132382031323820323535204E0A434F4D4241545F58505F4741494E203131312031313120323535204E0A434F4D4241545F484F4E4F525F4741494E2032323420323032203130204E0A434F4D4241545F46414354494F4E5F4348414E4745203132382031323820323535204E0A42475F53595354454D5F4E45555452414C2032353520313230203130204E0A42475F53595354454D5F414C4C49414E434520302031373420323339204E0A42475F53595354454D5F484F5244452032353520302030204E0A524149445F4C4541444552203235352037322039204E0A524149445F5741524E494E47203235352037322030204E0A524149445F424F53535F454D4F544520323535203232312030204E0A524149445F424F53535F5748495350455220323535203232312030204E0A46494C54455245442032353520302030204E0A424154544C4547524F554E4420323535203132372030204E0A424154544C4547524F554E445F4C4541444552203235352032313920313833204E0A524553545249435445442032353520302030204E0A424154544C454E4554203235352032353520323535204E0A414348494556454D454E5420323535203235352030204E0A4755494C445F414348494556454D454E5420363420323535203634204E0A4152454E415F504F494E5453203235352032353520323535204E0A50415254595F4C4541444552203131382032303020323535204E0A54415247455449434F4E5320323535203235352030204E0A424E5F5748495350455220302032353520323436204E0A424E5F574849535045525F494E464F524D20302032353520323436204E0A424E5F434F4E564552534154494F4E20302031373720323430204E0A424E5F434F4E564552534154494F4E5F4E4F5449434520302031373720323430204E0A424E5F434F4E564552534154494F4E5F4C49535420302031373720323430204E0A424E5F494E4C494E455F544F4153545F414C455254203133302031393720323535204E0A424E5F494E4C494E455F544F4153545F42524F414443415354203133302031393720323535204E0A424E5F494E4C494E455F544F4153545F42524F4144434153545F494E464F524D203133302031393720323535204E0A424E5F494E4C494E455F544F4153545F434F4E564552534154494F4E203133302031393720323535204E0A4348414E4E454C31203235352031393220313932204E0A4348414E4E454C32203235352031393220313932204E0A4348414E4E454C33203235352031393220313932204E0A4348414E4E454C34203235352031393220313932204E0A4348414E4E454C35203235352031393220313932204E0A4348414E4E454C36203235352031393220313932204E0A4348414E4E454C37203235352031393220313932204E0A4348414E4E454C38203235352031393220313932204E0A4348414E4E454C39203235352031393220313932204E0A4348414E4E454C3130203235352031393220313932204E0A454E440A0A57494E444F5720310A4E414D4520E7BBBCE590880A53495A4520300A434F4C4F522030203020302034300A4C4F434B454420310A554E494E54455241435441424C4520300A444F434B454420310A53484F574E20310A4D455353414745530A53595354454D0A53595354454D5F4E4F4D454E550A5341590A454D4F54450A59454C4C0A574849535045520A50415254590A50415254595F4C45414445520A524149440A524149445F4C45414445520A524149445F5741524E494E470A424154544C4547524F554E440A424154544C4547524F554E445F4C45414445520A4755494C440A4F4646494345520A4D4F4E535445525F5341590A4D4F4E535445525F59454C4C0A4D4F4E535445525F454D4F54450A4D4F4E535445525F574849535045520A4D4F4E535445525F424F53535F454D4F54450A4D4F4E535445525F424F53535F574849535045520A4552524F52530A41464B0A444E440A49474E4F5245440A42475F484F5244450A42475F414C4C49414E43450A42475F4E45555452414C0A434F4D4241545F46414354494F4E5F4348414E47450A534B494C4C0A4C4F4F540A4D4F4E45590A4348414E4E454C0A414348494556454D454E540A4755494C445F414348494556454D454E540A54415247455449434F4E530A424E5F574849535045520A424E5F574849535045525F494E464F524D0A424E5F434F4E564552534154494F4E0A424E5F494E4C494E455F544F4153545F414C4552540A454E440A0A4348414E4E454C530AE5AFBBE6B182E7BB84E9989F0A454E440A0A5A4F4E454348414E4E454C5320323039373135350A0A454E440A0A57494E444F5720320A4E414D4520E68898E69697E8AEB0E5BD950A53495A4520300A434F4C4F522030203020302034300A4C4F434B454420310A554E494E54455241435441424C4520300A444F434B454420320A53484F574E20300A4D455353414745530A4F50454E494E470A5452414445534B494C4C530A5045545F494E464F0A434F4D4241545F58505F4741494E0A434F4D4241545F484F4E4F525F4741494E0A434F4D4241545F4D4953435F494E464F0A454E440A0A4348414E4E454C530A454E440A0A5A4F4E454348414E4E454C5320300A0A454E440A0A57494E444F5720330A4E414D4520E8818AE5A4A9E9809AE981930A53495A4520300A434F4C4F522030203020302034300A4C4F434B454420310A554E494E54455241435441424C4520300A444F434B454420300A53484F574E20300A4D455353414745530A454E440A0A4348414E4E454C530A454E440A0A5A4F4E454348414E4E454C5320300A0A454E440A0A57494E444F5720340A53495A4520300A434F4C4F522030203020302034300A4C4F434B454420310A554E494E54455241435441424C4520300A444F434B454420300A53484F574E20300A4D455353414745530A454E440A0A4348414E4E454C530A454E440A0A5A4F4E454348414E4E454C5320300A0A454E440A0A57494E444F5720350A53495A4520300A434F4C4F522030203020302034300A4C4F434B454420310A554E494E54455241435441424C4520300A444F434B454420300A53484F574E20300A4D455353414745530A454E440A0A4348414E4E454C530A454E440A0A5A4F4E454348414E4E454C5320300A0A454E440A0A57494E444F5720360A53495A4520300A434F4C4F522030203020302034300A4C4F434B454420310A554E494E54455241435441424C4520300A444F434B454420300A53484F574E20300A4D455353414745530A454E440A0A4348414E4E454C530A454E440A0A5A4F4E454348414E4E454C5320300A0A454E440A0A57494E444F5720370A53495A4520300A434F4C4F522030203020302034300A4C4F434B454420310A554E494E54455241435441424C4520300A444F434B454420300A53484F574E20300A4D455353414745530A454E440A0A4348414E4E454C530A454E440A0A5A4F4E454348414E4E454C5320300A0A454E440A0A57494E444F5720380A53495A4520300A434F4C4F522030203020302034300A4C4F434B454420310A554E494E54455241435441424C4520300A444F434B454420300A53484F574E20300A4D455353414745530A454E440A0A4348414E4E454C530A454E440A0A5A4F4E454348414E4E454C5320300A0A454E440A0A57494E444F5720390A53495A4520300A434F4C4F522030203020302034300A4C4F434B454420310A554E494E54455241435441424C4520300A444F434B454420300A53484F574E20300A4D455353414745530A454E440A0A4348414E4E454C530A454E440A0A5A4F4E454348414E4E454C5320300A0A454E440A0A57494E444F572031300A53495A4520300A434F4C4F522030203020302034300A4C4F434B454420310A554E494E54455241435441424C4520300A444F434B454420300A53484F574E20300A4D455353414745530A454E440A0A4348414E4E454C530A454E440A0A5A4F4E454348414E4E454C5320300A0A454E440A0A),
(7,1,1697029440,0x5345542071756573744C6F67436F6C6C6170736546696C74657220222D31220A53455420747261636B656451756573747320227601237C5324417924417724415424415E220A53455420747261636B6564416368696576656D656E747320227601220A5345542063616D657261536176656444697374616E6365202231342E393939393939220A5345542063616D65726153617665645069746368202231392E393530303131220A534554206E616D65706C61746553686F77456E656D696573202231220A53455420706C61796572537461744C65667444726F70646F776E2022504C41594552535441545F424153455F5354415453220A53455420706C6179657253746174526967687444726F70646F776E2022504C41594552535441545F5350454C4C5F434F4D424154220A),
(7,7,1697029441,0x56455253494F4E20350A0A414444454456455253494F4E2031330A0A4F5054494F4E5F4755494C445F524543525549544D454E545F4348414E4E454C204155544F0A0A4348414E4E454C530A454E440A0A5A4F4E454348414E4E454C532035323432383830330A0A434F4C4F52530A53595354454D20323535203235352030204E0A534159203235352032353520323535204E0A5041525459203137302031373020323535204E0A5241494420323535203132372030204E0A4755494C4420363420323535203634204E0A4F46464943455220363420313932203634204E0A59454C4C20323535203634203634204E0A57484953504552203235352031323820323535204E0A574849535045525F464F524549474E203235352031323820323535204E0A574849535045525F494E464F524D203235352031323820323535204E0A454D4F54452032353520313238203634204E0A544558545F454D4F54452032353520313238203634204E0A4D4F4E535445525F534159203235352032353520313539204E0A4D4F4E535445525F5041525459203137302031373020323535204E0A4D4F4E535445525F59454C4C20323535203634203634204E0A4D4F4E535445525F57484953504552203235352031383120323335204E0A4D4F4E535445525F454D4F54452032353520313238203634204E0A4348414E4E454C203235352031393220313932204E0A4348414E4E454C5F4A4F494E203139322031323820313238204E0A4348414E4E454C5F4C45415645203139322031323820313238204E0A4348414E4E454C5F4C495354203139322031323820313238204E0A4348414E4E454C5F4E4F54494345203139322031393220313932204E0A4348414E4E454C5F4E4F544943455F55534552203139322031393220313932204E0A41464B203235352031323820323535204E0A444E44203235352031323820323535204E0A49474E4F5245442032353520302030204E0A534B494C4C20383520383520323535204E0A4C4F4F542030203137302030204E0A4D4F4E455920323535203235352030204E0A4F50454E494E47203132382031323820323535204E0A5452414445534B494C4C53203235352032353520323535204E0A5045545F494E464F203132382031323820323535204E0A434F4D4241545F4D4953435F494E464F203132382031323820323535204E0A434F4D4241545F58505F4741494E203131312031313120323535204E0A434F4D4241545F484F4E4F525F4741494E2032323420323032203130204E0A434F4D4241545F46414354494F4E5F4348414E4745203132382031323820323535204E0A42475F53595354454D5F4E45555452414C2032353520313230203130204E0A42475F53595354454D5F414C4C49414E434520302031373420323339204E0A42475F53595354454D5F484F5244452032353520302030204E0A524149445F4C4541444552203235352037322039204E0A524149445F5741524E494E47203235352037322030204E0A524149445F424F53535F454D4F544520323535203232312030204E0A524149445F424F53535F5748495350455220323535203232312030204E0A46494C54455245442032353520302030204E0A424154544C4547524F554E4420323535203132372030204E0A424154544C4547524F554E445F4C4541444552203235352032313920313833204E0A524553545249435445442032353520302030204E0A424154544C454E4554203235352032353520323535204E0A414348494556454D454E5420323535203235352030204E0A4755494C445F414348494556454D454E5420363420323535203634204E0A4152454E415F504F494E5453203235352032353520323535204E0A50415254595F4C4541444552203131382032303020323535204E0A54415247455449434F4E5320323535203235352030204E0A424E5F5748495350455220302032353520323436204E0A424E5F574849535045525F494E464F524D20302032353520323436204E0A424E5F434F4E564552534154494F4E20302031373720323430204E0A424E5F434F4E564552534154494F4E5F4E4F5449434520302031373720323430204E0A424E5F434F4E564552534154494F4E5F4C49535420302031373720323430204E0A424E5F494E4C494E455F544F4153545F414C455254203133302031393720323535204E0A424E5F494E4C494E455F544F4153545F42524F414443415354203133302031393720323535204E0A424E5F494E4C494E455F544F4153545F42524F4144434153545F494E464F524D203133302031393720323535204E0A424E5F494E4C494E455F544F4153545F434F4E564552534154494F4E203133302031393720323535204E0A4348414E4E454C31203235352031393220313932204E0A4348414E4E454C32203235352031393220313932204E0A4348414E4E454C33203235352031393220313932204E0A4348414E4E454C34203235352031393220313932204E0A4348414E4E454C35203235352031393220313932204E0A4348414E4E454C36203235352031393220313932204E0A4348414E4E454C37203235352031393220313932204E0A4348414E4E454C38203235352031393220313932204E0A4348414E4E454C39203235352031393220313932204E0A4348414E4E454C3130203235352031393220313932204E0A454E440A0A57494E444F5720310A4E414D4520E7BBBCE590880A53495A4520300A434F4C4F522030203020302034300A4C4F434B454420310A554E494E54455241435441424C4520300A444F434B454420310A53484F574E20310A4D455353414745530A53595354454D0A53595354454D5F4E4F4D454E550A5341590A454D4F54450A59454C4C0A574849535045520A50415254590A50415254595F4C45414445520A524149440A524149445F4C45414445520A524149445F5741524E494E470A424154544C4547524F554E440A424154544C4547524F554E445F4C45414445520A4755494C440A4F4646494345520A4D4F4E535445525F5341590A4D4F4E535445525F59454C4C0A4D4F4E535445525F454D4F54450A4D4F4E535445525F574849535045520A4D4F4E535445525F424F53535F454D4F54450A4D4F4E535445525F424F53535F574849535045520A4552524F52530A41464B0A444E440A49474E4F5245440A42475F484F5244450A42475F414C4C49414E43450A42475F4E45555452414C0A434F4D4241545F46414354494F4E5F4348414E47450A534B494C4C0A4C4F4F540A4D4F4E45590A4348414E4E454C0A414348494556454D454E540A4755494C445F414348494556454D454E540A54415247455449434F4E530A424E5F574849535045520A424E5F574849535045525F494E464F524D0A424E5F434F4E564552534154494F4E0A424E5F494E4C494E455F544F4153545F414C4552540A454E440A0A4348414E4E454C530A454E440A0A5A4F4E454348414E4E454C532035323432383830330A0A454E440A0A57494E444F5720320A4E414D4520E68898E69697E8AEB0E5BD950A53495A4520300A434F4C4F522030203020302034300A4C4F434B454420310A554E494E54455241435441424C4520300A444F434B454420320A53484F574E20300A4D455353414745530A4F50454E494E470A5452414445534B494C4C530A5045545F494E464F0A434F4D4241545F58505F4741494E0A434F4D4241545F484F4E4F525F4741494E0A434F4D4241545F4D4953435F494E464F0A454E440A0A4348414E4E454C530A454E440A0A5A4F4E454348414E4E454C5320300A0A454E440A0A57494E444F5720330A53495A4520300A434F4C4F522030203020302034300A4C4F434B454420310A554E494E54455241435441424C4520300A444F434B454420300A53484F574E20300A4D455353414745530A454E440A0A4348414E4E454C530A454E440A0A5A4F4E454348414E4E454C5320300A0A454E440A0A57494E444F5720340A53495A4520300A434F4C4F522030203020302034300A4C4F434B454420310A554E494E54455241435441424C4520300A444F434B454420300A53484F574E20300A4D455353414745530A454E440A0A4348414E4E454C530A454E440A0A5A4F4E454348414E4E454C5320300A0A454E440A0A57494E444F5720350A53495A4520300A434F4C4F522030203020302034300A4C4F434B454420310A554E494E54455241435441424C4520300A444F434B454420300A53484F574E20300A4D455353414745530A454E440A0A4348414E4E454C530A454E440A0A5A4F4E454348414E4E454C5320300A0A454E440A0A57494E444F5720360A53495A4520300A434F4C4F522030203020302034300A4C4F434B454420310A554E494E54455241435441424C4520300A444F434B454420300A53484F574E20300A4D455353414745530A454E440A0A4348414E4E454C530A454E440A0A5A4F4E454348414E4E454C5320300A0A454E440A0A57494E444F5720370A53495A4520300A434F4C4F522030203020302034300A4C4F434B454420310A554E494E54455241435441424C4520300A444F434B454420300A53484F574E20300A4D455353414745530A454E440A0A4348414E4E454C530A454E440A0A5A4F4E454348414E4E454C5320300A0A454E440A0A57494E444F5720380A53495A4520300A434F4C4F522030203020302034300A4C4F434B454420310A554E494E54455241435441424C4520300A444F434B454420300A53484F574E20300A4D455353414745530A454E440A0A4348414E4E454C530A454E440A0A5A4F4E454348414E4E454C5320300A0A454E440A0A57494E444F5720390A53495A4520300A434F4C4F522030203020302034300A4C4F434B454420310A554E494E54455241435441424C4520300A444F434B454420300A53484F574E20300A4D455353414745530A454E440A0A4348414E4E454C530A454E440A0A5A4F4E454348414E4E454C5320300A0A454E440A0A57494E444F572031300A53495A4520300A434F4C4F522030203020302034300A4C4F434B454420310A554E494E54455241435441424C4520300A444F434B454420300A53484F574E20300A4D455353414745530A454E440A0A4348414E4E454C530A454E440A0A5A4F4E454348414E4E454C5320300A0A454E440A0A),
(8,1,1697096852,0x5345542065717569706D656E744D616E61676572202231220A5345542071756573744C6F67436F6C6C6170736546696C74657220222D31220A53455420747261636B656451756573747320227601220A53455420747261636B6564416368696576656D656E747320227601220A53455420747261636B6572536F7274696E67202231220A5345542066756C6C53697A65466F6375734672616D65202231220A5345542063616D657261536176656444697374616E63652022362E353439363034220A5345542063616D65726153617665645069746368202233352E353030303235220A53455420706C61796572537461744C65667444726F70646F776E2022504C41594552535441545F424153455F5354415453220A53455420706C6179657253746174526967687444726F70646F776E2022504C41594552535441545F4D454C45455F434F4D424154220A),
(8,7,1697086205,0x56455253494F4E20350A0A414444454456455253494F4E2031330A0A4F5054494F4E5F4755494C445F524543525549544D454E545F4348414E4E454C204155544F0A0A4348414E4E454C530A454E440A0A5A4F4E454348414E4E454C532033353635313538370A0A434F4C4F52530A53595354454D20323535203235352030204E0A534159203235352032353520323535204E0A5041525459203137302031373020323535204E0A5241494420323535203132372030204E0A4755494C4420363420323535203634204E0A4F46464943455220363420313932203634204E0A59454C4C20323535203634203634204E0A57484953504552203235352031323820323535204E0A574849535045525F464F524549474E203235352031323820323535204E0A574849535045525F494E464F524D203235352031323820323535204E0A454D4F54452032353520313238203634204E0A544558545F454D4F54452032353520313238203634204E0A4D4F4E535445525F534159203235352032353520313539204E0A4D4F4E535445525F5041525459203137302031373020323535204E0A4D4F4E535445525F59454C4C20323535203634203634204E0A4D4F4E535445525F57484953504552203235352031383120323335204E0A4D4F4E535445525F454D4F54452032353520313238203634204E0A4348414E4E454C203235352031393220313932204E0A4348414E4E454C5F4A4F494E203139322031323820313238204E0A4348414E4E454C5F4C45415645203139322031323820313238204E0A4348414E4E454C5F4C495354203139322031323820313238204E0A4348414E4E454C5F4E4F54494345203139322031393220313932204E0A4348414E4E454C5F4E4F544943455F55534552203139322031393220313932204E0A41464B203235352031323820323535204E0A444E44203235352031323820323535204E0A49474E4F5245442032353520302030204E0A534B494C4C20383520383520323535204E0A4C4F4F542030203137302030204E0A4D4F4E455920323535203235352030204E0A4F50454E494E47203132382031323820323535204E0A5452414445534B494C4C53203235352032353520323535204E0A5045545F494E464F203132382031323820323535204E0A434F4D4241545F4D4953435F494E464F203132382031323820323535204E0A434F4D4241545F58505F4741494E203131312031313120323535204E0A434F4D4241545F484F4E4F525F4741494E2032323420323032203130204E0A434F4D4241545F46414354494F4E5F4348414E4745203132382031323820323535204E0A42475F53595354454D5F4E45555452414C2032353520313230203130204E0A42475F53595354454D5F414C4C49414E434520302031373420323339204E0A42475F53595354454D5F484F5244452032353520302030204E0A524149445F4C4541444552203235352037322039204E0A524149445F5741524E494E47203235352037322030204E0A524149445F424F53535F454D4F544520323535203232312030204E0A524149445F424F53535F5748495350455220323535203232312030204E0A46494C54455245442032353520302030204E0A424154544C4547524F554E4420323535203132372030204E0A424154544C4547524F554E445F4C4541444552203235352032313920313833204E0A524553545249435445442032353520302030204E0A424154544C454E4554203235352032353520323535204E0A414348494556454D454E5420323535203235352030204E0A4755494C445F414348494556454D454E5420363420323535203634204E0A4152454E415F504F494E5453203235352032353520323535204E0A50415254595F4C4541444552203131382032303020323535204E0A54415247455449434F4E5320323535203235352030204E0A424E5F5748495350455220302032353520323436204E0A424E5F574849535045525F494E464F524D20302032353520323436204E0A424E5F434F4E564552534154494F4E20302031373720323430204E0A424E5F434F4E564552534154494F4E5F4E4F5449434520302031373720323430204E0A424E5F434F4E564552534154494F4E5F4C49535420302031373720323430204E0A424E5F494E4C494E455F544F4153545F414C455254203133302031393720323535204E0A424E5F494E4C494E455F544F4153545F42524F414443415354203133302031393720323535204E0A424E5F494E4C494E455F544F4153545F42524F4144434153545F494E464F524D203133302031393720323535204E0A424E5F494E4C494E455F544F4153545F434F4E564552534154494F4E203133302031393720323535204E0A4348414E4E454C31203235352031393220313932204E0A4348414E4E454C32203235352031393220313932204E0A4348414E4E454C33203235352031393220313932204E0A4348414E4E454C34203235352031393220313932204E0A4348414E4E454C35203235352031393220313932204E0A4348414E4E454C36203235352031393220313932204E0A4348414E4E454C37203235352031393220313932204E0A4348414E4E454C38203235352031393220313932204E0A4348414E4E454C39203235352031393220313932204E0A4348414E4E454C3130203235352031393220313932204E0A454E440A0A57494E444F5720310A4E414D4520E7BBBCE590880A53495A4520300A434F4C4F522030203020302034300A4C4F434B454420310A554E494E54455241435441424C4520300A444F434B454420310A53484F574E20310A4D455353414745530A53595354454D0A53595354454D5F4E4F4D454E550A5341590A454D4F54450A59454C4C0A574849535045520A50415254590A50415254595F4C45414445520A524149440A524149445F4C45414445520A524149445F5741524E494E470A424154544C4547524F554E440A424154544C4547524F554E445F4C45414445520A4755494C440A4F4646494345520A4D4F4E535445525F5341590A4D4F4E535445525F59454C4C0A4D4F4E535445525F454D4F54450A4D4F4E535445525F574849535045520A4D4F4E535445525F424F53535F454D4F54450A4D4F4E535445525F424F53535F574849535045520A4552524F52530A41464B0A444E440A49474E4F5245440A42475F484F5244450A42475F414C4C49414E43450A42475F4E45555452414C0A434F4D4241545F46414354494F4E5F4348414E47450A534B494C4C0A4C4F4F540A4D4F4E45590A414348494556454D454E540A4755494C445F414348494556454D454E540A54415247455449434F4E530A424E5F574849535045520A424E5F574849535045525F494E464F524D0A424E5F434F4E564552534154494F4E0A424E5F494E4C494E455F544F4153545F414C4552540A454E440A0A4348414E4E454C530AE5AFBBE6B182E7BB84E9989F0A454E440A0A5A4F4E454348414E4E454C5320323039373135350A0A454E440A0A57494E444F5720320A4E414D4520E68898E69697E8AEB0E5BD950A53495A4520300A434F4C4F522030203020302034300A4C4F434B454420310A554E494E54455241435441424C4520300A444F434B454420320A53484F574E20300A4D455353414745530A4F50454E494E470A5452414445534B494C4C530A5045545F494E464F0A434F4D4241545F58505F4741494E0A434F4D4241545F484F4E4F525F4741494E0A434F4D4241545F4D4953435F494E464F0A454E440A0A4348414E4E454C530A454E440A0A5A4F4E454348414E4E454C5320300A0A454E440A0A57494E444F5720330A4E414D4520E8818AE5A4A9E9809AE981930A53495A4520300A434F4C4F522030203020302036330A4C4F434B454420310A554E494E54455241435441424C4520300A444F434B454420330A53484F574E20300A4D455353414745530A5341590A59454C4C0A574849535045520A50415254590A50415254595F4C45414445520A524149440A524149445F4C45414445520A524149445F5741524E494E470A424154544C4547524F554E440A424154544C4547524F554E445F4C45414445520A4755494C440A42475F484F5244450A42475F414C4C49414E43450A42475F4E45555452414C0A4755494C445F414348494556454D454E540A424E5F574849535045520A454E440A0A4348414E4E454C530A454E440A0A5A4F4E454348414E4E454C5320300A0A454E440A0A57494E444F5720340A53495A4520300A434F4C4F522030203020302034300A4C4F434B454420310A554E494E54455241435441424C4520300A444F434B454420300A53484F574E20300A4D455353414745530A454E440A0A4348414E4E454C530A454E440A0A5A4F4E454348414E4E454C5320300A0A454E440A0A57494E444F5720350A53495A4520300A434F4C4F522030203020302034300A4C4F434B454420310A554E494E54455241435441424C4520300A444F434B454420300A53484F574E20300A4D455353414745530A454E440A0A4348414E4E454C530A454E440A0A5A4F4E454348414E4E454C5320300A0A454E440A0A57494E444F5720360A53495A4520300A434F4C4F522030203020302034300A4C4F434B454420310A554E494E54455241435441424C4520300A444F434B454420300A53484F574E20300A4D455353414745530A454E440A0A4348414E4E454C530A454E440A0A5A4F4E454348414E4E454C5320300A0A454E440A0A57494E444F5720370A53495A4520300A434F4C4F522030203020302034300A4C4F434B454420310A554E494E54455241435441424C4520300A444F434B454420300A53484F574E20300A4D455353414745530A454E440A0A4348414E4E454C530A454E440A0A5A4F4E454348414E4E454C5320300A0A454E440A0A57494E444F5720380A53495A4520300A434F4C4F522030203020302034300A4C4F434B454420310A554E494E54455241435441424C4520300A444F434B454420300A53484F574E20300A4D455353414745530A454E440A0A4348414E4E454C530A454E440A0A5A4F4E454348414E4E454C5320300A0A454E440A0A57494E444F5720390A53495A4520300A434F4C4F522030203020302034300A4C4F434B454420310A554E494E54455241435441424C4520300A444F434B454420300A53484F574E20300A4D455353414745530A454E440A0A4348414E4E454C530A454E440A0A5A4F4E454348414E4E454C5320300A0A454E440A0A57494E444F572031300A53495A4520300A434F4C4F522030203020302034300A4C4F434B454420310A554E494E54455241435441424C4520300A444F434B454420300A53484F574E20300A4D455353414745530A454E440A0A4348414E4E454C530A454E440A0A5A4F4E454348414E4E454C5320300A0A454E440A0A);
/*!40000 ALTER TABLE `character_account_data` ENABLE KEYS */;

--
-- Table structure for table `character_achievement`
--

DROP TABLE IF EXISTS `character_achievement`;
/*!40101 SET @saved_cs_client     = @@character_set_client */;
/*!40101 SET character_set_client = utf8 */;
CREATE TABLE `character_achievement` (
  `guid` int unsigned NOT NULL,
  `achievement` smallint unsigned NOT NULL,
  `date` int unsigned NOT NULL DEFAULT '0',
  PRIMARY KEY (`guid`,`achievement`)
) ENGINE=InnoDB DEFAULT CHARSET=utf8mb4 COLLATE=utf8mb4_unicode_ci;
/*!40101 SET character_set_client = @saved_cs_client */;

--
-- Dumping data for table `character_achievement`
--

/*!40000 ALTER TABLE `character_achievement` DISABLE KEYS */;
INSERT INTO `character_achievement` VALUES
(1,457,1697020878),
(1,466,1697020878),
(1,1411,1697020878),
(2,462,1697029197),
(2,1412,1697029197),
(4,461,1697028492),
(4,1405,1697028492),
(7,6,1697029558),
(7,7,1697029558),
(7,8,1697029558),
(7,9,1697029558),
(7,10,1697029558),
(7,11,1697029558),
(7,12,1697029558),
(7,13,1697029558),
(7,460,1697029558),
(7,868,1697030976),
(7,889,1697029558),
(7,890,1697029558),
(7,891,1697029558),
(7,892,1697029558),
(7,2716,1697029558);
/*!40000 ALTER TABLE `character_achievement` ENABLE KEYS */;

--
-- Table structure for table `character_achievement_progress`
--

DROP TABLE IF EXISTS `character_achievement_progress`;
/*!40101 SET @saved_cs_client     = @@character_set_client */;
/*!40101 SET character_set_client = utf8 */;
CREATE TABLE `character_achievement_progress` (
  `guid` int unsigned NOT NULL,
  `criteria` smallint unsigned NOT NULL,
  `counter` int unsigned NOT NULL,
  `date` int unsigned NOT NULL DEFAULT '0',
  PRIMARY KEY (`guid`,`criteria`)
) ENGINE=InnoDB DEFAULT CHARSET=utf8mb4 COLLATE=utf8mb4_unicode_ci;
/*!40101 SET character_set_client = @saved_cs_client */;

--
-- Dumping data for table `character_achievement_progress`
--

/*!40000 ALTER TABLE `character_achievement_progress` DISABLE KEYS */;
INSERT INTO `character_achievement_progress` VALUES
(3,34,4,1696862644),
(3,35,4,1696862644),
(3,36,4,1696862644),
(3,37,4,1696862644),
(3,38,4,1696862644),
(3,39,4,1696862644),
(3,40,4,1696862644),
(3,41,4,1696862644),
(3,73,7,1696862644),
(3,167,1,1696776633),
(3,230,7,1696862644),
(3,231,7,1696862644),
(3,232,7,1696862644),
(3,233,7,1696862644),
(3,234,7,1696862644),
(3,236,7,1696862644),
(3,655,3,1696861984),
(3,657,1,1696776633),
(3,756,1,1696776633),
(3,903,1,1696776654),
(3,992,3474,1696862644),
(3,993,5500,1696862644),
(3,994,874,1696862644),
(3,995,3474,1696862644),
(3,996,774,1696862644),
(3,2239,7,1696862644),
(3,3355,57,1696861881),
(3,3513,57,1696861881),
(3,3631,7,1696862644),
(3,4092,57,1696861881),
(3,4224,57,1696861881),
(3,4787,1,1696776646),
(3,4944,27,1696862545),
(3,4946,27,1696862545),
(3,4948,27,1696862545),
(3,5212,4,1696862644),
(3,5213,4,1696862644),
(3,5236,4,1696862644),
(3,5301,6,1696861784),
(3,5313,3474,1696862644),
(3,5314,3474,1696862644),
(3,5315,5500,1696862644),
(3,5316,874,1696862644),
(3,5317,774,1696862644),
(3,5529,27,1696862545),
(3,5530,27,1696862545),
(3,5580,3,1696861984),
(3,5589,1,1696776633),
(3,5591,1,1696776633),
(3,7550,1,1696776646),
(3,7551,1,1696776646),
(3,7552,1,1696776646),
(3,7897,6,1696862644),
(3,9224,1,1696776646),
(3,9598,4,1696862644),
(3,9683,3474,1696862644),
(3,9684,3474,1696862644),
(3,9685,774,1696862644),
(3,9686,5500,1696862644),
(3,9687,874,1696862644),
(7,111,1,1697029666),
(7,167,1,1697029424),
(7,657,1,1697029424),
(7,756,1,1697029424),
(7,757,1,1697029424),
(7,832,1,1697032416),
(7,1508,1,1697029569),
(7,1509,1,1697030664),
(7,1512,1,1697030771),
(7,1515,1,1697030788),
(7,1517,1,1697030753),
(7,1604,1,1697032046),
(7,1733,1,1697031475),
(7,1796,1,1697030976),
(7,2072,3640,1697032688),
(7,3354,2,1697029637),
(7,3356,504,1697030802),
(7,3361,22,1697031057),
(7,3506,2,1697029637),
(7,3507,2,1697029637),
(7,3510,2,1697029637),
(7,3511,2,1697029637),
(7,3512,2,1697029637),
(7,4091,22,1697031057),
(7,4093,2,1697029637),
(7,4224,10002,1697029637),
(7,4669,1,1697030435),
(7,4787,1,1697029439),
(7,4944,13,1697030721),
(7,4948,10,1697030721),
(7,4951,1,1697029575),
(7,4955,2,1697029633),
(7,5212,80,1697029558),
(7,5230,80,1697029558),
(7,5305,1,1697030802),
(7,5529,13,1697030721),
(7,5531,13,1697030721),
(7,5586,1,1697029424),
(7,5589,1,1697029424),
(7,5591,1,1697029424),
(7,5593,1,1697029666),
(7,7550,1,1697029439),
(7,7551,1,1697029439),
(7,7552,1,1697029439),
(7,9224,1,1697029439),
(7,12698,140,1697030976),
(8,34,1,1697085286),
(8,35,1,1697085286),
(8,36,1,1697085286),
(8,37,1,1697085286),
(8,38,1,1697085286),
(8,39,1,1697085286),
(8,40,1,1697085286),
(8,41,1,1697085286),
(8,167,1,1697085286),
(8,655,1,1697085286),
(8,657,1,1697085286),
(8,756,1,1697085286),
(8,903,1,1697085310),
(8,4787,1,1697085301),
(8,5008,1,1697085514),
(8,5212,1,1697085286),
(8,5213,1,1697085286),
(8,5236,1,1697085286),
(8,5580,1,1697085286),
(8,5589,1,1697085286),
(8,5591,1,1697085286),
(8,7550,1,1697085301),
(8,7551,1,1697085301),
(8,7552,1,1697085301),
(8,9224,1,1697085301),
(8,9598,1,1697085286);
/*!40000 ALTER TABLE `character_achievement_progress` ENABLE KEYS */;

--
-- Table structure for table `character_action`
--

DROP TABLE IF EXISTS `character_action`;
/*!40101 SET @saved_cs_client     = @@character_set_client */;
/*!40101 SET character_set_client = utf8 */;
CREATE TABLE `character_action` (
  `guid` int unsigned NOT NULL DEFAULT '0',
  `spec` tinyint unsigned NOT NULL DEFAULT '0',
  `button` tinyint unsigned NOT NULL DEFAULT '0',
  `action` int unsigned NOT NULL DEFAULT '0',
  `type` tinyint unsigned NOT NULL DEFAULT '0',
  PRIMARY KEY (`guid`,`spec`,`button`)
) ENGINE=InnoDB DEFAULT CHARSET=utf8mb4 COLLATE=utf8mb4_unicode_ci;
/*!40101 SET character_set_client = @saved_cs_client */;

--
-- Dumping data for table `character_action`
--

/*!40000 ALTER TABLE `character_action` DISABLE KEYS */;
INSERT INTO `character_action` VALUES
(3,0,0,6603,0),
(3,0,1,403,0),
(3,0,2,331,0),
(3,0,3,20549,0),
(3,0,4,8042,0),
(3,0,5,8071,0),
(3,0,11,28828,0),
(3,0,133,8071,0),
(3,0,137,8071,0),
(3,0,141,8071,0),
(7,0,0,42897,0),
(7,0,1,42846,0),
(7,0,2,28730,0),
(7,0,3,42842,0),
(7,0,4,43002,0),
(7,0,5,33717,0),
(7,0,6,27090,0),
(7,0,7,7301,0),
(7,0,8,12826,0),
(7,0,9,28828,0),
(7,0,10,130,0),
(7,0,11,43015,0),
(7,1,0,133,0),
(7,1,1,168,0),
(7,1,2,28730,0),
(8,0,0,6603,0),
(8,0,1,403,0),
(8,0,2,331,0),
(8,0,3,20549,0);
/*!40000 ALTER TABLE `character_action` ENABLE KEYS */;

--
-- Table structure for table `character_arena_stats`
--

DROP TABLE IF EXISTS `character_arena_stats`;
/*!40101 SET @saved_cs_client     = @@character_set_client */;
/*!40101 SET character_set_client = utf8 */;
CREATE TABLE `character_arena_stats` (
  `guid` int unsigned NOT NULL DEFAULT '0',
  `slot` tinyint unsigned NOT NULL DEFAULT '0',
  `matchMakerRating` smallint unsigned NOT NULL DEFAULT '0',
  `maxMMR` smallint NOT NULL,
  PRIMARY KEY (`guid`,`slot`)
) ENGINE=InnoDB DEFAULT CHARSET=utf8mb4 COLLATE=utf8mb4_unicode_ci;
/*!40101 SET character_set_client = @saved_cs_client */;

--
-- Dumping data for table `character_arena_stats`
--

/*!40000 ALTER TABLE `character_arena_stats` DISABLE KEYS */;
/*!40000 ALTER TABLE `character_arena_stats` ENABLE KEYS */;

--
-- Table structure for table `character_aura`
--

DROP TABLE IF EXISTS `character_aura`;
/*!40101 SET @saved_cs_client     = @@character_set_client */;
/*!40101 SET character_set_client = utf8 */;
CREATE TABLE `character_aura` (
  `guid` int unsigned NOT NULL DEFAULT '0' COMMENT 'Global Unique Identifier',
  `casterGuid` bigint unsigned NOT NULL DEFAULT '0' COMMENT 'Full Global Unique Identifier',
  `itemGuid` bigint unsigned NOT NULL DEFAULT '0',
  `spell` int unsigned NOT NULL DEFAULT '0',
  `effectMask` tinyint unsigned NOT NULL DEFAULT '0',
  `recalculateMask` tinyint unsigned NOT NULL DEFAULT '0',
  `stackCount` tinyint unsigned NOT NULL DEFAULT '1',
  `amount0` int NOT NULL DEFAULT '0',
  `amount1` int NOT NULL DEFAULT '0',
  `amount2` int NOT NULL DEFAULT '0',
  `base_amount0` int NOT NULL DEFAULT '0',
  `base_amount1` int NOT NULL DEFAULT '0',
  `base_amount2` int NOT NULL DEFAULT '0',
  `maxDuration` int NOT NULL DEFAULT '0',
  `remainTime` int NOT NULL DEFAULT '0',
  `remainCharges` tinyint unsigned NOT NULL DEFAULT '0',
  PRIMARY KEY (`guid`,`casterGuid`,`itemGuid`,`spell`,`effectMask`)
) ENGINE=InnoDB DEFAULT CHARSET=utf8mb4 COLLATE=utf8mb4_unicode_ci COMMENT='Player System';
/*!40101 SET character_set_client = @saved_cs_client */;

--
-- Dumping data for table `character_aura`
--

/*!40000 ALTER TABLE `character_aura` DISABLE KEYS */;
INSERT INTO `character_aura` VALUES
(3,3,0,23735,1,1,1,10,0,0,9,0,0,7200000,4419552,0),
(3,3,0,23736,1,1,1,10,0,0,9,0,0,7200000,4419552,0),
(3,3,0,23737,1,1,1,10,0,0,9,0,0,7200000,4419552,0),
(3,3,0,23738,1,1,1,10,0,0,9,0,0,7200000,4419552,0),
(3,3,0,23766,1,1,1,10,0,0,9,0,0,7200000,4419552,0),
(3,3,0,23767,1,1,1,10,0,0,9,0,0,7200000,4419552,0),
(3,3,0,23768,1,1,1,1,0,0,0,0,0,7200000,4419552,0),
(3,3,0,23769,1,1,1,25,0,0,24,0,0,7200000,4419552,0),
(3,3,0,26393,1,1,1,10,0,0,9,0,0,3600000,1223552,0),
(3,3,0,48074,1,1,1,80,0,0,79,0,0,3600000,1223552,0),
(3,17379391012052504634,0,1126,1,1,1,25,0,0,24,0,0,1800000,1429115,0);
/*!40000 ALTER TABLE `character_aura` ENABLE KEYS */;

--
-- Table structure for table `character_banned`
--

DROP TABLE IF EXISTS `character_banned`;
/*!40101 SET @saved_cs_client     = @@character_set_client */;
/*!40101 SET character_set_client = utf8 */;
CREATE TABLE `character_banned` (
  `guid` int unsigned NOT NULL DEFAULT '0' COMMENT 'Global Unique Identifier',
  `bandate` int unsigned NOT NULL DEFAULT '0',
  `unbandate` int unsigned NOT NULL DEFAULT '0',
  `bannedby` varchar(50) CHARACTER SET utf8mb4 COLLATE utf8mb4_unicode_ci NOT NULL,
  `banreason` varchar(255) CHARACTER SET utf8mb4 COLLATE utf8mb4_unicode_ci NOT NULL,
  `active` tinyint unsigned NOT NULL DEFAULT '1',
  PRIMARY KEY (`guid`,`bandate`)
) ENGINE=InnoDB DEFAULT CHARSET=utf8mb4 COLLATE=utf8mb4_unicode_ci COMMENT='Ban List';
/*!40101 SET character_set_client = @saved_cs_client */;

--
-- Dumping data for table `character_banned`
--

/*!40000 ALTER TABLE `character_banned` DISABLE KEYS */;
/*!40000 ALTER TABLE `character_banned` ENABLE KEYS */;

--
-- Table structure for table `character_battleground_random`
--

DROP TABLE IF EXISTS `character_battleground_random`;
/*!40101 SET @saved_cs_client     = @@character_set_client */;
/*!40101 SET character_set_client = utf8 */;
CREATE TABLE `character_battleground_random` (
  `guid` int unsigned NOT NULL DEFAULT '0',
  PRIMARY KEY (`guid`)
) ENGINE=InnoDB DEFAULT CHARSET=utf8mb4 COLLATE=utf8mb4_unicode_ci;
/*!40101 SET character_set_client = @saved_cs_client */;

--
-- Dumping data for table `character_battleground_random`
--

/*!40000 ALTER TABLE `character_battleground_random` DISABLE KEYS */;
/*!40000 ALTER TABLE `character_battleground_random` ENABLE KEYS */;

--
-- Table structure for table `character_brew_of_the_month`
--

DROP TABLE IF EXISTS `character_brew_of_the_month`;
/*!40101 SET @saved_cs_client     = @@character_set_client */;
/*!40101 SET character_set_client = utf8 */;
CREATE TABLE `character_brew_of_the_month` (
  `guid` int unsigned NOT NULL,
  `lastEventId` int unsigned NOT NULL DEFAULT '0',
  PRIMARY KEY (`guid`)
) ENGINE=InnoDB DEFAULT CHARSET=utf8mb4 COLLATE=utf8mb4_unicode_ci;
/*!40101 SET character_set_client = @saved_cs_client */;

--
-- Dumping data for table `character_brew_of_the_month`
--

/*!40000 ALTER TABLE `character_brew_of_the_month` DISABLE KEYS */;
/*!40000 ALTER TABLE `character_brew_of_the_month` ENABLE KEYS */;

--
-- Table structure for table `character_declinedname`
--

DROP TABLE IF EXISTS `character_declinedname`;
/*!40101 SET @saved_cs_client     = @@character_set_client */;
/*!40101 SET character_set_client = utf8 */;
CREATE TABLE `character_declinedname` (
  `guid` int unsigned NOT NULL DEFAULT '0' COMMENT 'Global Unique Identifier',
  `genitive` varchar(15) CHARACTER SET utf8mb4 COLLATE utf8mb4_unicode_ci NOT NULL DEFAULT '',
  `dative` varchar(15) CHARACTER SET utf8mb4 COLLATE utf8mb4_unicode_ci NOT NULL DEFAULT '',
  `accusative` varchar(15) CHARACTER SET utf8mb4 COLLATE utf8mb4_unicode_ci NOT NULL DEFAULT '',
  `instrumental` varchar(15) CHARACTER SET utf8mb4 COLLATE utf8mb4_unicode_ci NOT NULL DEFAULT '',
  `prepositional` varchar(15) CHARACTER SET utf8mb4 COLLATE utf8mb4_unicode_ci NOT NULL DEFAULT '',
  PRIMARY KEY (`guid`)
) ENGINE=InnoDB DEFAULT CHARSET=utf8mb4 COLLATE=utf8mb4_unicode_ci;
/*!40101 SET character_set_client = @saved_cs_client */;

--
-- Dumping data for table `character_declinedname`
--

/*!40000 ALTER TABLE `character_declinedname` DISABLE KEYS */;
/*!40000 ALTER TABLE `character_declinedname` ENABLE KEYS */;

--
-- Table structure for table `character_entry_point`
--

DROP TABLE IF EXISTS `character_entry_point`;
/*!40101 SET @saved_cs_client     = @@character_set_client */;
/*!40101 SET character_set_client = utf8 */;
CREATE TABLE `character_entry_point` (
  `guid` int unsigned NOT NULL DEFAULT '0' COMMENT 'Global Unique Identifier',
  `joinX` float NOT NULL DEFAULT '0',
  `joinY` float NOT NULL DEFAULT '0',
  `joinZ` float NOT NULL DEFAULT '0',
  `joinO` float NOT NULL DEFAULT '0',
  `joinMapId` int unsigned NOT NULL DEFAULT '0' COMMENT 'Map Identifier',
  `taxiPath0` int unsigned NOT NULL DEFAULT '0',
  `taxiPath1` int unsigned NOT NULL DEFAULT '0',
  `mountSpell` int unsigned NOT NULL DEFAULT '0',
  PRIMARY KEY (`guid`)
) ENGINE=InnoDB DEFAULT CHARSET=utf8mb4 COLLATE=utf8mb4_unicode_ci COMMENT='Player System';
/*!40101 SET character_set_client = @saved_cs_client */;

--
-- Dumping data for table `character_entry_point`
--

/*!40000 ALTER TABLE `character_entry_point` DISABLE KEYS */;
/*!40000 ALTER TABLE `character_entry_point` ENABLE KEYS */;

--
-- Table structure for table `character_equipmentsets`
--

DROP TABLE IF EXISTS `character_equipmentsets`;
/*!40101 SET @saved_cs_client     = @@character_set_client */;
/*!40101 SET character_set_client = utf8 */;
CREATE TABLE `character_equipmentsets` (
  `guid` int NOT NULL DEFAULT '0',
  `setguid` bigint NOT NULL AUTO_INCREMENT,
  `setindex` tinyint unsigned NOT NULL DEFAULT '0',
  `name` varchar(31) CHARACTER SET utf8mb4 COLLATE utf8mb4_unicode_ci NOT NULL,
  `iconname` varchar(100) CHARACTER SET utf8mb4 COLLATE utf8mb4_unicode_ci NOT NULL,
  `ignore_mask` int unsigned NOT NULL DEFAULT '0',
  `item0` int unsigned NOT NULL DEFAULT '0',
  `item1` int unsigned NOT NULL DEFAULT '0',
  `item2` int unsigned NOT NULL DEFAULT '0',
  `item3` int unsigned NOT NULL DEFAULT '0',
  `item4` int unsigned NOT NULL DEFAULT '0',
  `item5` int unsigned NOT NULL DEFAULT '0',
  `item6` int unsigned NOT NULL DEFAULT '0',
  `item7` int unsigned NOT NULL DEFAULT '0',
  `item8` int unsigned NOT NULL DEFAULT '0',
  `item9` int unsigned NOT NULL DEFAULT '0',
  `item10` int unsigned NOT NULL DEFAULT '0',
  `item11` int unsigned NOT NULL DEFAULT '0',
  `item12` int unsigned NOT NULL DEFAULT '0',
  `item13` int unsigned NOT NULL DEFAULT '0',
  `item14` int unsigned NOT NULL DEFAULT '0',
  `item15` int unsigned NOT NULL DEFAULT '0',
  `item16` int unsigned NOT NULL DEFAULT '0',
  `item17` int unsigned NOT NULL DEFAULT '0',
  `item18` int unsigned NOT NULL DEFAULT '0',
  PRIMARY KEY (`setguid`),
  UNIQUE KEY `idx_set` (`guid`,`setguid`,`setindex`),
  KEY `Idx_setindex` (`setindex`)
) ENGINE=InnoDB DEFAULT CHARSET=utf8mb4 COLLATE=utf8mb4_unicode_ci;
/*!40101 SET character_set_client = @saved_cs_client */;

--
-- Dumping data for table `character_equipmentsets`
--

/*!40000 ALTER TABLE `character_equipmentsets` DISABLE KEYS */;
/*!40000 ALTER TABLE `character_equipmentsets` ENABLE KEYS */;

--
-- Table structure for table `character_gifts`
--

DROP TABLE IF EXISTS `character_gifts`;
/*!40101 SET @saved_cs_client     = @@character_set_client */;
/*!40101 SET character_set_client = utf8 */;
CREATE TABLE `character_gifts` (
  `guid` int unsigned NOT NULL DEFAULT '0',
  `item_guid` int unsigned NOT NULL DEFAULT '0',
  `entry` int unsigned NOT NULL DEFAULT '0',
  `flags` int unsigned NOT NULL DEFAULT '0',
  PRIMARY KEY (`item_guid`),
  KEY `idx_guid` (`guid`)
) ENGINE=InnoDB DEFAULT CHARSET=utf8mb4 COLLATE=utf8mb4_unicode_ci;
/*!40101 SET character_set_client = @saved_cs_client */;

--
-- Dumping data for table `character_gifts`
--

/*!40000 ALTER TABLE `character_gifts` DISABLE KEYS */;
/*!40000 ALTER TABLE `character_gifts` ENABLE KEYS */;

--
-- Table structure for table `character_glyphs`
--

DROP TABLE IF EXISTS `character_glyphs`;
/*!40101 SET @saved_cs_client     = @@character_set_client */;
/*!40101 SET character_set_client = utf8 */;
CREATE TABLE `character_glyphs` (
  `guid` int unsigned NOT NULL,
  `talentGroup` tinyint unsigned NOT NULL DEFAULT '0',
  `glyph1` smallint unsigned DEFAULT '0',
  `glyph2` smallint unsigned DEFAULT '0',
  `glyph3` smallint unsigned DEFAULT '0',
  `glyph4` smallint unsigned DEFAULT '0',
  `glyph5` smallint unsigned DEFAULT '0',
  `glyph6` smallint unsigned DEFAULT '0',
  PRIMARY KEY (`guid`,`talentGroup`)
) ENGINE=InnoDB DEFAULT CHARSET=utf8mb4 COLLATE=utf8mb4_unicode_ci;
/*!40101 SET character_set_client = @saved_cs_client */;

--
-- Dumping data for table `character_glyphs`
--

/*!40000 ALTER TABLE `character_glyphs` DISABLE KEYS */;
/*!40000 ALTER TABLE `character_glyphs` ENABLE KEYS */;

--
-- Table structure for table `character_homebind`
--

DROP TABLE IF EXISTS `character_homebind`;
/*!40101 SET @saved_cs_client     = @@character_set_client */;
/*!40101 SET character_set_client = utf8 */;
CREATE TABLE `character_homebind` (
  `guid` int unsigned NOT NULL DEFAULT '0' COMMENT 'Global Unique Identifier',
  `mapId` smallint unsigned NOT NULL DEFAULT '0' COMMENT 'Map Identifier',
  `zoneId` smallint unsigned NOT NULL DEFAULT '0' COMMENT 'Zone Identifier',
  `posX` float NOT NULL DEFAULT '0',
  `posY` float NOT NULL DEFAULT '0',
  `posZ` float NOT NULL DEFAULT '0',
  `posO` float NOT NULL DEFAULT '0',
  PRIMARY KEY (`guid`)
) ENGINE=InnoDB DEFAULT CHARSET=utf8mb4 COLLATE=utf8mb4_unicode_ci COMMENT='Player System';
/*!40101 SET character_set_client = @saved_cs_client */;

--
-- Dumping data for table `character_homebind`
--

/*!40000 ALTER TABLE `character_homebind` DISABLE KEYS */;
INSERT INTO `character_homebind` VALUES
(3,1,215,-2917.58,-257.98,52.9968,0),
(7,530,4087,12818.1,-7005.75,18.595,2.78534),
(8,1,215,-2917.58,-257.98,52.9968,0);
/*!40000 ALTER TABLE `character_homebind` ENABLE KEYS */;

--
-- Table structure for table `character_instance`
--

DROP TABLE IF EXISTS `character_instance`;
/*!40101 SET @saved_cs_client     = @@character_set_client */;
/*!40101 SET character_set_client = utf8 */;
CREATE TABLE `character_instance` (
  `guid` int unsigned NOT NULL DEFAULT '0',
  `instance` int unsigned NOT NULL DEFAULT '0',
  `permanent` tinyint unsigned NOT NULL DEFAULT '0',
  `extended` tinyint unsigned NOT NULL,
  PRIMARY KEY (`guid`,`instance`),
  KEY `instance` (`instance`)
) ENGINE=InnoDB DEFAULT CHARSET=utf8mb4 COLLATE=utf8mb4_unicode_ci;
/*!40101 SET character_set_client = @saved_cs_client */;

--
-- Dumping data for table `character_instance`
--

/*!40000 ALTER TABLE `character_instance` DISABLE KEYS */;
/*!40000 ALTER TABLE `character_instance` ENABLE KEYS */;

--
-- Table structure for table `character_inventory`
--

DROP TABLE IF EXISTS `character_inventory`;
/*!40101 SET @saved_cs_client     = @@character_set_client */;
/*!40101 SET character_set_client = utf8 */;
CREATE TABLE `character_inventory` (
  `guid` int unsigned NOT NULL DEFAULT '0' COMMENT 'Global Unique Identifier',
  `bag` int unsigned NOT NULL DEFAULT '0',
  `slot` tinyint unsigned NOT NULL DEFAULT '0',
  `item` int unsigned NOT NULL DEFAULT '0' COMMENT 'Item Global Unique Identifier',
  PRIMARY KEY (`item`),
  UNIQUE KEY `guid` (`guid`,`bag`,`slot`),
  KEY `idx_guid` (`guid`)
) ENGINE=InnoDB DEFAULT CHARSET=utf8mb4 COLLATE=utf8mb4_unicode_ci COMMENT='Player System';
/*!40101 SET character_set_client = @saved_cs_client */;

--
-- Dumping data for table `character_inventory`
--

/*!40000 ALTER TABLE `character_inventory` DISABLE KEYS */;
INSERT INTO `character_inventory` VALUES
(3,0,3,175),
(3,0,5,385),
(3,0,6,410),
(3,0,8,414),
(3,0,9,392),
(3,0,14,381),
(3,0,15,181),
(3,0,16,183),
(3,0,23,179),
(3,0,24,184),
(3,0,25,360),
(3,0,26,444),
(3,0,27,388),
(3,0,28,369),
(3,0,29,445),
(3,0,31,382),
(3,0,32,422),
(3,0,34,393),
(3,0,35,395),
(3,0,37,412),
(3,0,38,415),
(7,0,3,569),
(7,0,4,565),
(7,0,6,567),
(7,0,7,573),
(7,0,10,581),
(7,0,15,571),
(7,0,19,579),
(7,0,20,580),
(7,0,21,578),
(7,0,23,575),
(7,0,24,577),
(7,0,25,592),
(7,0,26,594),
(7,0,28,601),
(7,0,29,589),
(7,0,30,590),
(7,0,31,591),
(7,0,32,602),
(7,0,33,603),
(7,0,34,604),
(7,0,35,605),
(8,0,3,607),
(8,0,6,609),
(8,0,10,620),
(8,0,15,613),
(8,0,16,615),
(8,0,19,616),
(8,0,20,619),
(8,0,21,618),
(8,0,22,617),
(8,0,23,611);
/*!40000 ALTER TABLE `character_inventory` ENABLE KEYS */;

--
-- Table structure for table `character_pet`
--

DROP TABLE IF EXISTS `character_pet`;
/*!40101 SET @saved_cs_client     = @@character_set_client */;
/*!40101 SET character_set_client = utf8 */;
CREATE TABLE `character_pet` (
  `id` int unsigned NOT NULL DEFAULT '0',
  `entry` int unsigned NOT NULL DEFAULT '0',
  `owner` int unsigned NOT NULL DEFAULT '0',
  `modelid` int unsigned DEFAULT '0',
  `CreatedBySpell` int unsigned DEFAULT '0',
  `PetType` tinyint unsigned NOT NULL DEFAULT '0',
  `level` smallint unsigned NOT NULL DEFAULT '1',
  `exp` int unsigned NOT NULL DEFAULT '0',
  `Reactstate` tinyint unsigned NOT NULL DEFAULT '0',
  `name` varchar(21) CHARACTER SET utf8mb4 COLLATE utf8mb4_unicode_ci NOT NULL DEFAULT 'Pet',
  `renamed` tinyint unsigned NOT NULL DEFAULT '0',
  `slot` tinyint unsigned NOT NULL DEFAULT '0',
  `curhealth` int unsigned NOT NULL DEFAULT '1',
  `curmana` int unsigned NOT NULL DEFAULT '0',
  `curhappiness` int unsigned NOT NULL DEFAULT '0',
  `savetime` int unsigned NOT NULL DEFAULT '0',
  `abdata` text CHARACTER SET utf8mb4 COLLATE utf8mb4_unicode_ci,
  PRIMARY KEY (`id`),
  KEY `owner` (`owner`),
  KEY `idx_slot` (`slot`)
) ENGINE=InnoDB DEFAULT CHARSET=utf8mb4 COLLATE=utf8mb4_unicode_ci COMMENT='Pet System';
/*!40101 SET character_set_client = @saved_cs_client */;

--
-- Dumping data for table `character_pet`
--

/*!40000 ALTER TABLE `character_pet` DISABLE KEYS */;
/*!40000 ALTER TABLE `character_pet` ENABLE KEYS */;

--
-- Table structure for table `character_pet_declinedname`
--

DROP TABLE IF EXISTS `character_pet_declinedname`;
/*!40101 SET @saved_cs_client     = @@character_set_client */;
/*!40101 SET character_set_client = utf8 */;
CREATE TABLE `character_pet_declinedname` (
  `id` int unsigned NOT NULL DEFAULT '0',
  `owner` int unsigned NOT NULL DEFAULT '0',
  `genitive` varchar(12) CHARACTER SET utf8mb4 COLLATE utf8mb4_unicode_ci NOT NULL DEFAULT '',
  `dative` varchar(12) CHARACTER SET utf8mb4 COLLATE utf8mb4_unicode_ci NOT NULL DEFAULT '',
  `accusative` varchar(12) CHARACTER SET utf8mb4 COLLATE utf8mb4_unicode_ci NOT NULL DEFAULT '',
  `instrumental` varchar(12) CHARACTER SET utf8mb4 COLLATE utf8mb4_unicode_ci NOT NULL DEFAULT '',
  `prepositional` varchar(12) CHARACTER SET utf8mb4 COLLATE utf8mb4_unicode_ci NOT NULL DEFAULT '',
  PRIMARY KEY (`id`),
  KEY `owner_key` (`owner`)
) ENGINE=InnoDB DEFAULT CHARSET=utf8mb4 COLLATE=utf8mb4_unicode_ci;
/*!40101 SET character_set_client = @saved_cs_client */;

--
-- Dumping data for table `character_pet_declinedname`
--

/*!40000 ALTER TABLE `character_pet_declinedname` DISABLE KEYS */;
/*!40000 ALTER TABLE `character_pet_declinedname` ENABLE KEYS */;

--
-- Table structure for table `character_queststatus`
--

DROP TABLE IF EXISTS `character_queststatus`;
/*!40101 SET @saved_cs_client     = @@character_set_client */;
/*!40101 SET character_set_client = utf8 */;
CREATE TABLE `character_queststatus` (
  `guid` int unsigned NOT NULL DEFAULT '0' COMMENT 'Global Unique Identifier',
  `quest` int unsigned NOT NULL DEFAULT '0' COMMENT 'Quest Identifier',
  `status` tinyint unsigned NOT NULL DEFAULT '0',
  `explored` tinyint unsigned NOT NULL DEFAULT '0',
  `timer` int unsigned NOT NULL DEFAULT '0',
  `mobcount1` smallint unsigned NOT NULL DEFAULT '0',
  `mobcount2` smallint unsigned NOT NULL DEFAULT '0',
  `mobcount3` smallint unsigned NOT NULL DEFAULT '0',
  `mobcount4` smallint unsigned NOT NULL DEFAULT '0',
  `itemcount1` smallint unsigned NOT NULL DEFAULT '0',
  `itemcount2` smallint unsigned NOT NULL DEFAULT '0',
  `itemcount3` smallint unsigned NOT NULL DEFAULT '0',
  `itemcount4` smallint unsigned NOT NULL DEFAULT '0',
  `itemcount5` smallint unsigned NOT NULL DEFAULT '0',
  `itemcount6` smallint unsigned NOT NULL DEFAULT '0',
  `playercount` smallint unsigned NOT NULL DEFAULT '0',
  PRIMARY KEY (`guid`,`quest`)
) ENGINE=InnoDB DEFAULT CHARSET=utf8mb4 COLLATE=utf8mb4_unicode_ci COMMENT='Player System';
/*!40101 SET character_set_client = @saved_cs_client */;

--
-- Dumping data for table `character_queststatus`
--

/*!40000 ALTER TABLE `character_queststatus` DISABLE KEYS */;
INSERT INTO `character_queststatus` VALUES
(3,757,3,0,1696862644,0,0,0,0,0,0,0,0,0,0,0),
(3,1519,3,0,1696862981,0,0,0,0,0,0,0,0,0,0,0),
(3,3376,3,0,1696862610,0,0,0,0,0,0,0,0,0,0,0),
(7,8325,1,0,1697031217,8,0,0,0,0,0,0,0,0,0,0),
(7,11488,1,0,1697031217,0,0,0,0,0,0,0,0,0,0,0),
(7,11498,1,0,1697032121,0,0,0,0,0,0,0,0,0,0,0),
(7,11523,3,0,1697031217,0,0,0,0,0,0,0,0,0,0,0),
(7,11525,3,0,1697031217,0,0,0,0,0,1,0,0,0,0,0);
/*!40000 ALTER TABLE `character_queststatus` ENABLE KEYS */;

--
-- Table structure for table `character_queststatus_daily`
--

DROP TABLE IF EXISTS `character_queststatus_daily`;
/*!40101 SET @saved_cs_client     = @@character_set_client */;
/*!40101 SET character_set_client = utf8 */;
CREATE TABLE `character_queststatus_daily` (
  `guid` int unsigned NOT NULL DEFAULT '0' COMMENT 'Global Unique Identifier',
  `quest` int unsigned NOT NULL DEFAULT '0' COMMENT 'Quest Identifier',
  `time` int unsigned NOT NULL DEFAULT '0',
  PRIMARY KEY (`guid`,`quest`),
  KEY `idx_guid` (`guid`)
) ENGINE=InnoDB DEFAULT CHARSET=utf8mb4 COLLATE=utf8mb4_unicode_ci COMMENT='Player System';
/*!40101 SET character_set_client = @saved_cs_client */;

--
-- Dumping data for table `character_queststatus_daily`
--

/*!40000 ALTER TABLE `character_queststatus_daily` DISABLE KEYS */;
/*!40000 ALTER TABLE `character_queststatus_daily` ENABLE KEYS */;

--
-- Table structure for table `character_queststatus_monthly`
--

DROP TABLE IF EXISTS `character_queststatus_monthly`;
/*!40101 SET @saved_cs_client     = @@character_set_client */;
/*!40101 SET character_set_client = utf8 */;
CREATE TABLE `character_queststatus_monthly` (
  `guid` int unsigned NOT NULL DEFAULT '0' COMMENT 'Global Unique Identifier',
  `quest` int unsigned NOT NULL DEFAULT '0' COMMENT 'Quest Identifier',
  PRIMARY KEY (`guid`,`quest`),
  KEY `idx_guid` (`guid`)
) ENGINE=InnoDB DEFAULT CHARSET=utf8mb4 COLLATE=utf8mb4_unicode_ci COMMENT='Player System';
/*!40101 SET character_set_client = @saved_cs_client */;

--
-- Dumping data for table `character_queststatus_monthly`
--

/*!40000 ALTER TABLE `character_queststatus_monthly` DISABLE KEYS */;
/*!40000 ALTER TABLE `character_queststatus_monthly` ENABLE KEYS */;

--
-- Table structure for table `character_queststatus_rewarded`
--

DROP TABLE IF EXISTS `character_queststatus_rewarded`;
/*!40101 SET @saved_cs_client     = @@character_set_client */;
/*!40101 SET character_set_client = utf8 */;
CREATE TABLE `character_queststatus_rewarded` (
  `guid` int unsigned NOT NULL DEFAULT '0' COMMENT 'Global Unique Identifier',
  `quest` int unsigned NOT NULL DEFAULT '0' COMMENT 'Quest Identifier',
  `active` tinyint unsigned NOT NULL DEFAULT '1',
  PRIMARY KEY (`guid`,`quest`)
) ENGINE=InnoDB DEFAULT CHARSET=utf8mb4 COLLATE=utf8mb4_unicode_ci COMMENT='Player System';
/*!40101 SET character_set_client = @saved_cs_client */;

--
-- Dumping data for table `character_queststatus_rewarded`
--

/*!40000 ALTER TABLE `character_queststatus_rewarded` DISABLE KEYS */;
INSERT INTO `character_queststatus_rewarded` VALUES
(3,747,1),
(3,750,1),
(3,752,1),
(3,753,1),
(3,755,1),
(3,780,1),
(3,3093,1);
/*!40000 ALTER TABLE `character_queststatus_rewarded` ENABLE KEYS */;

--
-- Table structure for table `character_queststatus_seasonal`
--

DROP TABLE IF EXISTS `character_queststatus_seasonal`;
/*!40101 SET @saved_cs_client     = @@character_set_client */;
/*!40101 SET character_set_client = utf8 */;
CREATE TABLE `character_queststatus_seasonal` (
  `guid` int unsigned NOT NULL DEFAULT '0' COMMENT 'Global Unique Identifier',
  `quest` int unsigned NOT NULL DEFAULT '0' COMMENT 'Quest Identifier',
  `event` int unsigned NOT NULL DEFAULT '0' COMMENT 'Event Identifier',
  PRIMARY KEY (`guid`,`quest`),
  KEY `idx_guid` (`guid`)
) ENGINE=InnoDB DEFAULT CHARSET=utf8mb4 COLLATE=utf8mb4_unicode_ci COMMENT='Player System';
/*!40101 SET character_set_client = @saved_cs_client */;

--
-- Dumping data for table `character_queststatus_seasonal`
--

/*!40000 ALTER TABLE `character_queststatus_seasonal` DISABLE KEYS */;
/*!40000 ALTER TABLE `character_queststatus_seasonal` ENABLE KEYS */;

--
-- Table structure for table `character_queststatus_weekly`
--

DROP TABLE IF EXISTS `character_queststatus_weekly`;
/*!40101 SET @saved_cs_client     = @@character_set_client */;
/*!40101 SET character_set_client = utf8 */;
CREATE TABLE `character_queststatus_weekly` (
  `guid` int unsigned NOT NULL DEFAULT '0' COMMENT 'Global Unique Identifier',
  `quest` int unsigned NOT NULL DEFAULT '0' COMMENT 'Quest Identifier',
  PRIMARY KEY (`guid`,`quest`),
  KEY `idx_guid` (`guid`)
) ENGINE=InnoDB DEFAULT CHARSET=utf8mb4 COLLATE=utf8mb4_unicode_ci COMMENT='Player System';
/*!40101 SET character_set_client = @saved_cs_client */;

--
-- Dumping data for table `character_queststatus_weekly`
--

/*!40000 ALTER TABLE `character_queststatus_weekly` DISABLE KEYS */;
/*!40000 ALTER TABLE `character_queststatus_weekly` ENABLE KEYS */;

--
-- Table structure for table `character_reputation`
--

DROP TABLE IF EXISTS `character_reputation`;
/*!40101 SET @saved_cs_client     = @@character_set_client */;
/*!40101 SET character_set_client = utf8 */;
CREATE TABLE `character_reputation` (
  `guid` int unsigned NOT NULL DEFAULT '0' COMMENT 'Global Unique Identifier',
  `faction` smallint unsigned NOT NULL DEFAULT '0',
  `standing` int NOT NULL DEFAULT '0',
  `flags` smallint unsigned NOT NULL DEFAULT '0',
  PRIMARY KEY (`guid`,`faction`)
) ENGINE=InnoDB DEFAULT CHARSET=utf8mb4 COLLATE=utf8mb4_unicode_ci COMMENT='Player System';
/*!40101 SET character_set_client = @saved_cs_client */;

--
-- Dumping data for table `character_reputation`
--

/*!40000 ALTER TABLE `character_reputation` DISABLE KEYS */;
INSERT INTO `character_reputation` VALUES
(3,21,0,64),
(3,46,0,4),
(3,47,0,6),
(3,54,0,6),
(3,59,0,16),
(3,67,0,25),
(3,68,374,17),
(3,69,0,6),
(3,70,0,2),
(3,72,0,6),
(3,76,374,17),
(3,81,1500,17),
(3,83,0,4),
(3,86,0,4),
(3,87,0,2),
(3,92,0,2),
(3,93,0,2),
(3,169,0,12),
(3,270,0,16),
(3,289,0,4),
(3,349,0,0),
(3,369,0,64),
(3,469,0,14),
(3,470,0,64),
(3,471,0,22),
(3,509,0,2),
(3,510,0,16),
(3,529,0,0),
(3,530,374,17),
(3,549,0,4),
(3,550,0,4),
(3,551,0,4),
(3,569,0,4),
(3,570,0,4),
(3,571,0,4),
(3,574,0,4),
(3,576,0,2),
(3,577,0,64),
(3,589,0,6),
(3,609,0,0),
(3,729,0,16),
(3,730,0,2),
(3,749,0,0),
(3,809,0,16),
(3,889,0,16),
(3,890,0,6),
(3,891,0,14),
(3,892,0,24),
(3,909,0,16),
(3,910,0,2),
(3,911,374,17),
(3,922,0,16),
(3,930,0,6),
(3,932,0,80),
(3,933,0,16),
(3,934,0,80),
(3,935,0,16),
(3,936,0,28),
(3,941,0,16),
(3,942,0,16),
(3,946,0,2),
(3,947,0,16),
(3,948,0,8),
(3,949,0,24),
(3,952,0,0),
(3,967,0,16),
(3,970,0,0),
(3,978,0,2),
(3,980,0,0),
(3,989,0,16),
(3,990,0,16),
(3,1005,0,4),
(3,1011,0,16),
(3,1012,0,16),
(3,1015,0,2),
(3,1031,0,16),
(3,1037,0,4),
(3,1038,0,16),
(3,1050,0,6),
(3,1052,0,152),
(3,1064,0,16),
(3,1067,0,16),
(3,1068,0,6),
(3,1073,0,16),
(3,1077,0,16),
(3,1082,0,2),
(3,1085,0,16),
(3,1090,0,16),
(3,1091,0,16),
(3,1094,0,6),
(3,1097,0,0),
(3,1098,0,16),
(3,1104,0,0),
(3,1105,0,0),
(3,1106,0,16),
(3,1117,0,12),
(3,1118,0,12),
(3,1119,0,2),
(3,1124,0,16),
(3,1126,0,2),
(3,1136,0,4),
(3,1137,0,4),
(3,1154,0,4),
(3,1155,0,4),
(3,1156,0,16),
(7,21,0,64),
(7,46,0,4),
(7,47,0,6),
(7,54,0,6),
(7,59,0,16),
(7,67,0,25),
(7,68,0,17),
(7,69,0,6),
(7,70,0,2),
(7,72,0,6),
(7,76,0,17),
(7,81,0,17),
(7,83,0,4),
(7,86,0,4),
(7,87,0,2),
(7,92,0,2),
(7,93,0,2),
(7,169,0,12),
(7,270,0,16),
(7,289,0,4),
(7,349,0,0),
(7,369,0,64),
(7,469,0,14),
(7,470,0,64),
(7,471,0,22),
(7,509,0,2),
(7,510,0,16),
(7,529,0,0),
(7,530,0,17),
(7,549,0,4),
(7,550,0,4),
(7,551,0,4),
(7,569,0,4),
(7,570,0,4),
(7,571,0,4),
(7,574,0,4),
(7,576,0,2),
(7,577,0,64),
(7,589,0,6),
(7,609,0,1),
(7,729,0,16),
(7,730,0,2),
(7,749,0,0),
(7,809,0,16),
(7,889,0,16),
(7,890,0,6),
(7,891,0,0),
(7,892,0,24),
(7,909,0,16),
(7,910,0,0),
(7,911,0,17),
(7,922,0,16),
(7,930,0,6),
(7,932,0,80),
(7,933,0,16),
(7,934,0,80),
(7,935,0,17),
(7,936,0,28),
(7,941,0,16),
(7,942,0,16),
(7,946,0,0),
(7,947,0,16),
(7,948,0,8),
(7,949,0,24),
(7,952,0,0),
(7,967,0,16),
(7,970,0,0),
(7,978,0,0),
(7,980,0,0),
(7,989,0,16),
(7,990,0,16),
(7,1005,0,4),
(7,1011,0,16),
(7,1012,0,16),
(7,1015,0,2),
(7,1031,0,16),
(7,1037,0,6),
(7,1038,0,16),
(7,1050,0,6),
(7,1052,0,152),
(7,1064,0,16),
(7,1067,0,16),
(7,1068,0,6),
(7,1073,0,16),
(7,1077,0,17),
(7,1082,0,2),
(7,1085,0,16),
(7,1090,0,17),
(7,1091,0,16),
(7,1094,0,6),
(7,1097,0,0),
(7,1098,0,16),
(7,1104,0,0),
(7,1105,0,0),
(7,1106,0,16),
(7,1117,0,12),
(7,1118,0,12),
(7,1119,0,0),
(7,1124,0,16),
(7,1126,0,0),
(7,1136,0,4),
(7,1137,0,4),
(7,1154,0,4),
(7,1155,0,4),
(7,1156,0,16),
(8,21,0,64),
(8,46,0,4),
(8,47,0,6),
(8,54,0,6),
(8,59,0,16),
(8,67,0,25),
(8,68,0,17),
(8,69,0,6),
(8,70,0,2),
(8,72,0,6),
(8,76,0,17),
(8,81,0,17),
(8,83,0,4),
(8,86,0,4),
(8,87,0,2),
(8,92,0,2),
(8,93,0,2),
(8,169,0,12),
(8,270,0,16),
(8,289,0,4),
(8,349,0,0),
(8,369,0,64),
(8,469,0,14),
(8,470,0,64),
(8,471,0,22),
(8,509,0,2),
(8,510,0,16),
(8,529,0,0),
(8,530,0,17),
(8,549,0,4),
(8,550,0,4),
(8,551,0,4),
(8,569,0,4),
(8,570,0,4),
(8,571,0,4),
(8,574,0,4),
(8,576,0,2),
(8,577,0,64),
(8,589,0,6),
(8,609,0,0),
(8,729,0,16),
(8,730,0,2),
(8,749,0,0),
(8,809,0,16),
(8,889,0,16),
(8,890,0,6),
(8,891,0,14),
(8,892,0,24),
(8,909,0,16),
(8,910,0,2),
(8,911,0,17),
(8,922,0,16),
(8,930,0,6),
(8,932,0,80),
(8,933,0,16),
(8,934,0,80),
(8,935,0,16),
(8,936,0,28),
(8,941,0,16),
(8,942,0,16),
(8,946,0,2),
(8,947,0,16),
(8,948,0,8),
(8,949,0,24),
(8,952,0,0),
(8,967,0,16),
(8,970,0,0),
(8,978,0,2),
(8,980,0,0),
(8,989,0,16),
(8,990,0,16),
(8,1005,0,4),
(8,1011,0,16),
(8,1012,0,16),
(8,1015,0,2),
(8,1031,0,16),
(8,1037,0,6),
(8,1038,0,16),
(8,1050,0,6),
(8,1052,0,152),
(8,1064,0,16),
(8,1067,0,16),
(8,1068,0,6),
(8,1073,0,16),
(8,1077,0,16),
(8,1082,0,2),
(8,1085,0,16),
(8,1090,0,16),
(8,1091,0,16),
(8,1094,0,6),
(8,1097,0,0),
(8,1098,0,16),
(8,1104,0,0),
(8,1105,0,0),
(8,1106,0,16),
(8,1117,0,12),
(8,1118,0,12),
(8,1119,0,2),
(8,1124,0,16),
(8,1126,0,2),
(8,1136,0,4),
(8,1137,0,4),
(8,1154,0,4),
(8,1155,0,4),
(8,1156,0,16);
/*!40000 ALTER TABLE `character_reputation` ENABLE KEYS */;

--
-- Table structure for table `character_settings`
--

DROP TABLE IF EXISTS `character_settings`;
/*!40101 SET @saved_cs_client     = @@character_set_client */;
/*!40101 SET character_set_client = utf8 */;
CREATE TABLE `character_settings` (
  `guid` int unsigned NOT NULL,
  `source` varchar(40) CHARACTER SET utf8mb4 COLLATE utf8mb4_unicode_ci NOT NULL,
  `data` text CHARACTER SET utf8mb4 COLLATE utf8mb4_unicode_ci,
  PRIMARY KEY (`guid`,`source`)
) ENGINE=InnoDB DEFAULT CHARSET=utf8mb4 COLLATE=utf8mb4_unicode_ci COMMENT='Player Settings';
/*!40101 SET character_set_client = @saved_cs_client */;

--
-- Dumping data for table `character_settings`
--

/*!40000 ALTER TABLE `character_settings` DISABLE KEYS */;
/*!40000 ALTER TABLE `character_settings` ENABLE KEYS */;

--
-- Table structure for table `character_skills`
--

DROP TABLE IF EXISTS `character_skills`;
/*!40101 SET @saved_cs_client     = @@character_set_client */;
/*!40101 SET character_set_client = utf8 */;
CREATE TABLE `character_skills` (
  `guid` int unsigned NOT NULL COMMENT 'Global Unique Identifier',
  `skill` smallint unsigned NOT NULL,
  `value` smallint unsigned NOT NULL,
  `max` smallint unsigned NOT NULL,
  PRIMARY KEY (`guid`,`skill`)
) ENGINE=InnoDB DEFAULT CHARSET=utf8mb4 COLLATE=utf8mb4_unicode_ci COMMENT='Player System';
/*!40101 SET character_set_client = @saved_cs_client */;

--
-- Dumping data for table `character_skills`
--

/*!40000 ALTER TABLE `character_skills` DISABLE KEYS */;
INSERT INTO `character_skills` VALUES
(3,54,3,20),
(3,95,15,20),
(3,109,300,300),
(3,115,300,300),
(3,124,20,20),
(3,136,1,20),
(3,162,1,20),
(3,183,20,20),
(3,373,20,20),
(3,374,20,20),
(3,375,20,20),
(3,414,1,1),
(3,415,1,1),
(3,433,1,1),
(3,777,1,20),
(3,778,1,20),
(7,6,400,400),
(7,8,400,400),
(7,95,11,400),
(7,109,300,300),
(7,136,1,400),
(7,137,300,300),
(7,162,1,400),
(7,183,400,400),
(7,228,1,400),
(7,237,400,400),
(7,415,1,1),
(7,756,400,400),
(7,762,300,300),
(7,777,1,400),
(7,778,1,400),
(8,54,1,5),
(8,95,1,5),
(8,109,300,300),
(8,115,300,300),
(8,124,5,5),
(8,136,1,5),
(8,162,1,5),
(8,183,5,5),
(8,373,5,5),
(8,374,5,5),
(8,375,5,5),
(8,414,1,1),
(8,415,1,1),
(8,433,1,1),
(8,777,1,5),
(8,778,1,5);
/*!40000 ALTER TABLE `character_skills` ENABLE KEYS */;

--
-- Table structure for table `character_social`
--

DROP TABLE IF EXISTS `character_social`;
/*!40101 SET @saved_cs_client     = @@character_set_client */;
/*!40101 SET character_set_client = utf8 */;
CREATE TABLE `character_social` (
  `guid` int unsigned NOT NULL DEFAULT '0' COMMENT 'Character Global Unique Identifier',
  `friend` int unsigned NOT NULL DEFAULT '0' COMMENT 'Friend Global Unique Identifier',
  `flags` tinyint unsigned NOT NULL DEFAULT '0' COMMENT 'Friend Flags',
  `note` varchar(48) CHARACTER SET utf8mb4 COLLATE utf8mb4_unicode_ci NOT NULL DEFAULT '' COMMENT 'Friend Note',
  PRIMARY KEY (`guid`,`friend`,`flags`),
  KEY `friend` (`friend`)
) ENGINE=InnoDB DEFAULT CHARSET=utf8mb4 COLLATE=utf8mb4_unicode_ci COMMENT='Player System';
/*!40101 SET character_set_client = @saved_cs_client */;

--
-- Dumping data for table `character_social`
--

/*!40000 ALTER TABLE `character_social` DISABLE KEYS */;
/*!40000 ALTER TABLE `character_social` ENABLE KEYS */;

--
-- Table structure for table `character_spell`
--

DROP TABLE IF EXISTS `character_spell`;
/*!40101 SET @saved_cs_client     = @@character_set_client */;
/*!40101 SET character_set_client = utf8 */;
CREATE TABLE `character_spell` (
  `guid` int unsigned NOT NULL DEFAULT '0' COMMENT 'Global Unique Identifier',
  `spell` int unsigned NOT NULL DEFAULT '0' COMMENT 'Spell Identifier',
  `specMask` tinyint unsigned NOT NULL DEFAULT '1',
  PRIMARY KEY (`guid`,`spell`)
) ENGINE=InnoDB DEFAULT CHARSET=utf8mb4 COLLATE=utf8mb4_unicode_ci COMMENT='Player System';
/*!40101 SET character_set_client = @saved_cs_client */;

--
-- Dumping data for table `character_spell`
--

/*!40000 ALTER TABLE `character_spell` DISABLE KEYS */;
INSERT INTO `character_spell` VALUES
(3,8042,255),
(3,8071,255),
(3,28828,255),
(7,10,255),
(7,66,255),
(7,116,255),
(7,118,255),
(7,120,255),
(7,122,255),
(7,130,255),
(7,143,255),
(7,145,255),
(7,205,255),
(7,475,255),
(7,543,255),
(7,587,255),
(7,597,255),
(7,604,255),
(7,759,255),
(7,837,255),
(7,865,255),
(7,990,255),
(7,1008,255),
(7,1449,255),
(7,1460,255),
(7,1461,255),
(7,1463,255),
(7,1953,255),
(7,2120,255),
(7,2121,255),
(7,2136,255),
(7,2137,255),
(7,2138,255),
(7,2139,255),
(7,2948,255),
(7,3140,255),
(7,3552,255),
(7,3563,255),
(7,3566,255),
(7,3567,255),
(7,5143,255),
(7,5144,255),
(7,5145,255),
(7,5504,255),
(7,5505,255),
(7,5506,255),
(7,6117,255),
(7,6127,255),
(7,6129,255),
(7,6131,255),
(7,6141,255),
(7,6143,255),
(7,7300,255),
(7,7301,255),
(7,7302,255),
(7,7320,255),
(7,7322,255),
(7,8400,255),
(7,8401,255),
(7,8402,255),
(7,8406,255),
(7,8407,255),
(7,8408,255),
(7,8412,255),
(7,8413,255),
(7,8416,255),
(7,8417,255),
(7,8422,255),
(7,8423,255),
(7,8427,255),
(7,8437,255),
(7,8438,255),
(7,8439,255),
(7,8444,255),
(7,8445,255),
(7,8446,255),
(7,8450,255),
(7,8451,255),
(7,8455,255),
(7,8457,255),
(7,8458,255),
(7,8461,255),
(7,8462,255),
(7,8492,255),
(7,8494,255),
(7,8495,255),
(7,10053,255),
(7,10054,255),
(7,10138,255),
(7,10139,255),
(7,10140,255),
(7,10144,255),
(7,10145,255),
(7,10148,255),
(7,10149,255),
(7,10150,255),
(7,10151,255),
(7,10156,255),
(7,10157,255),
(7,10159,255),
(7,10160,255),
(7,10161,255),
(7,10169,255),
(7,10170,255),
(7,10173,255),
(7,10174,255),
(7,10177,255),
(7,10179,255),
(7,10180,255),
(7,10181,255),
(7,10185,255),
(7,10186,255),
(7,10187,255),
(7,10191,255),
(7,10192,255),
(7,10193,255),
(7,10197,255),
(7,10199,255),
(7,10201,255),
(7,10202,255),
(7,10205,255),
(7,10206,255),
(7,10207,255),
(7,10211,255),
(7,10212,255),
(7,10215,255),
(7,10216,255),
(7,10219,255),
(7,10220,255),
(7,10223,255),
(7,10225,255),
(7,10230,255),
(7,11417,255),
(7,11418,255),
(7,11420,255),
(7,12042,1),
(7,12043,1),
(7,12051,255),
(7,12472,1),
(7,12824,255),
(7,12825,255),
(7,12826,255),
(7,22782,255),
(7,22783,255),
(7,23028,255),
(7,25304,255),
(7,25306,255),
(7,25345,255),
(7,27070,255),
(7,27071,255),
(7,27072,255),
(7,27073,255),
(7,27074,255),
(7,27075,255),
(7,27078,255),
(7,27079,255),
(7,27080,255),
(7,27082,255),
(7,27085,255),
(7,27086,255),
(7,27087,255),
(7,27088,255),
(7,27090,255),
(7,27101,255),
(7,27124,255),
(7,27125,255),
(7,27126,255),
(7,27127,255),
(7,27128,255),
(7,27130,255),
(7,27131,255),
(7,28609,255),
(7,28612,255),
(7,28828,255),
(7,30449,255),
(7,30451,255),
(7,30455,255),
(7,30482,255),
(7,32267,255),
(7,32272,255),
(7,32796,255),
(7,33388,255),
(7,33391,255),
(7,33717,255),
(7,33944,255),
(7,33946,255),
(7,34090,255),
(7,34091,255),
(7,35715,255),
(7,35717,255),
(7,37420,255),
(7,38692,255),
(7,38697,255),
(7,38699,255),
(7,38704,255),
(7,42832,255),
(7,42833,255),
(7,42841,255),
(7,42842,255),
(7,42843,255),
(7,42846,255),
(7,42858,255),
(7,42859,255),
(7,42872,255),
(7,42873,255),
(7,42894,255),
(7,42896,255),
(7,42897,255),
(7,42913,255),
(7,42914,255),
(7,42917,255),
(7,42920,255),
(7,42921,255),
(7,42925,255),
(7,42926,255),
(7,42930,255),
(7,42931,255),
(7,42939,255),
(7,42940,255),
(7,42955,255),
(7,42956,255),
(7,42985,255),
(7,42995,255),
(7,43002,255),
(7,43008,255),
(7,43010,255),
(7,43012,255),
(7,43015,255),
(7,43017,255),
(7,43019,255),
(7,43020,255),
(7,43023,255),
(7,43024,255),
(7,43045,255),
(7,43046,255),
(7,43987,255),
(7,44425,1),
(7,44614,255),
(7,45438,255),
(7,47610,255),
(7,49358,255),
(7,49361,255),
(7,53140,255),
(7,53142,255),
(7,54197,255),
(7,54646,1),
(7,55342,255),
(7,58659,255),
(8,28828,255);
/*!40000 ALTER TABLE `character_spell` ENABLE KEYS */;

--
-- Table structure for table `character_spell_cooldown`
--

DROP TABLE IF EXISTS `character_spell_cooldown`;
/*!40101 SET @saved_cs_client     = @@character_set_client */;
/*!40101 SET character_set_client = utf8 */;
CREATE TABLE `character_spell_cooldown` (
  `guid` int unsigned NOT NULL DEFAULT '0' COMMENT 'Global Unique Identifier, Low part',
  `spell` int unsigned NOT NULL DEFAULT '0' COMMENT 'Spell Identifier',
  `category` int unsigned DEFAULT '0',
  `item` int unsigned NOT NULL DEFAULT '0' COMMENT 'Item Identifier',
  `time` int unsigned NOT NULL DEFAULT '0',
  `needSend` tinyint unsigned NOT NULL DEFAULT '1',
  PRIMARY KEY (`guid`,`spell`)
) ENGINE=InnoDB DEFAULT CHARSET=utf8mb4 COLLATE=utf8mb4_unicode_ci;
/*!40101 SET character_set_client = @saved_cs_client */;

--
-- Dumping data for table `character_spell_cooldown`
--

/*!40000 ALTER TABLE `character_spell_cooldown` DISABLE KEYS */;
/*!40000 ALTER TABLE `character_spell_cooldown` ENABLE KEYS */;

--
-- Table structure for table `character_stats`
--

DROP TABLE IF EXISTS `character_stats`;
/*!40101 SET @saved_cs_client     = @@character_set_client */;
/*!40101 SET character_set_client = utf8 */;
CREATE TABLE `character_stats` (
  `guid` int unsigned NOT NULL DEFAULT '0' COMMENT 'Global Unique Identifier, Low part',
  `maxhealth` int unsigned NOT NULL DEFAULT '0',
  `maxpower1` int unsigned NOT NULL DEFAULT '0',
  `maxpower2` int unsigned NOT NULL DEFAULT '0',
  `maxpower3` int unsigned NOT NULL DEFAULT '0',
  `maxpower4` int unsigned NOT NULL DEFAULT '0',
  `maxpower5` int unsigned NOT NULL DEFAULT '0',
  `maxpower6` int unsigned NOT NULL DEFAULT '0',
  `maxpower7` int unsigned NOT NULL DEFAULT '0',
  `strength` int unsigned NOT NULL DEFAULT '0',
  `agility` int unsigned NOT NULL DEFAULT '0',
  `stamina` int unsigned NOT NULL DEFAULT '0',
  `intellect` int unsigned NOT NULL DEFAULT '0',
  `spirit` int unsigned NOT NULL DEFAULT '0',
  `armor` int unsigned NOT NULL DEFAULT '0',
  `resHoly` int unsigned NOT NULL DEFAULT '0',
  `resFire` int unsigned NOT NULL DEFAULT '0',
  `resNature` int unsigned NOT NULL DEFAULT '0',
  `resFrost` int unsigned NOT NULL DEFAULT '0',
  `resShadow` int unsigned NOT NULL DEFAULT '0',
  `resArcane` int unsigned NOT NULL DEFAULT '0',
  `blockPct` float NOT NULL DEFAULT '0',
  `dodgePct` float NOT NULL DEFAULT '0',
  `parryPct` float NOT NULL DEFAULT '0',
  `critPct` float NOT NULL DEFAULT '0',
  `rangedCritPct` float NOT NULL DEFAULT '0',
  `spellCritPct` float NOT NULL DEFAULT '0',
  `attackPower` int unsigned NOT NULL DEFAULT '0',
  `rangedAttackPower` int unsigned NOT NULL DEFAULT '0',
  `spellPower` int unsigned NOT NULL DEFAULT '0',
  `resilience` int unsigned NOT NULL DEFAULT '0',
  PRIMARY KEY (`guid`),
  CONSTRAINT `character_stats_chk_1` CHECK (((`blockPct` >= 0) and (`dodgePct` >= 0) and (`parryPct` >= 0) and (`critPct` >= 0) and (`rangedCritPct` >= 0) and (`spellCritPct` >= 0)))
) ENGINE=InnoDB DEFAULT CHARSET=utf8mb4 COLLATE=utf8mb4_unicode_ci;
/*!40101 SET character_set_client = @saved_cs_client */;

--
-- Dumping data for table `character_stats`
--

/*!40000 ALTER TABLE `character_stats` DISABLE KEYS */;
/*!40000 ALTER TABLE `character_stats` ENABLE KEYS */;

--
-- Table structure for table `character_talent`
--

DROP TABLE IF EXISTS `character_talent`;
/*!40101 SET @saved_cs_client     = @@character_set_client */;
/*!40101 SET character_set_client = utf8 */;
CREATE TABLE `character_talent` (
  `guid` int unsigned NOT NULL,
  `spell` int unsigned NOT NULL,
  `specMask` tinyint unsigned NOT NULL DEFAULT '0',
  PRIMARY KEY (`guid`,`spell`)
) ENGINE=InnoDB DEFAULT CHARSET=utf8mb4 COLLATE=utf8mb4_unicode_ci;
/*!40101 SET character_set_client = @saved_cs_client */;

--
-- Dumping data for table `character_talent`
--

/*!40000 ALTER TABLE `character_talent` DISABLE KEYS */;
INSERT INTO `character_talent` VALUES
(7,11247,1),
(7,12042,1),
(7,12043,1),
(7,12469,1),
(7,12472,1),
(7,12496,1),
(7,12503,1),
(7,12577,1),
(7,12592,1),
(7,12840,1),
(7,15060,1),
(7,18464,1),
(7,28332,1),
(7,29440,1),
(7,31572,1),
(7,31583,1),
(7,31588,1),
(7,35581,1),
(7,44379,1),
(7,44399,1),
(7,44403,1),
(7,44425,1),
(7,54490,1),
(7,54646,1),
(7,54734,1),
(7,55094,1),
(7,55340,1);
/*!40000 ALTER TABLE `character_talent` ENABLE KEYS */;

--
-- Table structure for table `characters`
--

DROP TABLE IF EXISTS `characters`;
/*!40101 SET @saved_cs_client     = @@character_set_client */;
/*!40101 SET character_set_client = utf8 */;
CREATE TABLE `characters` (
  `guid` int unsigned NOT NULL DEFAULT '0' COMMENT 'Global Unique Identifier',
  `account` int unsigned NOT NULL DEFAULT '0' COMMENT 'Account Identifier',
  `name` varchar(12) CHARACTER SET utf8mb4 COLLATE utf8mb4_bin NOT NULL,
  `race` tinyint unsigned NOT NULL DEFAULT '0',
  `class` tinyint unsigned NOT NULL DEFAULT '0',
  `gender` tinyint unsigned NOT NULL DEFAULT '0',
  `level` tinyint unsigned NOT NULL DEFAULT '0',
  `xp` int unsigned NOT NULL DEFAULT '0',
  `money` int unsigned NOT NULL DEFAULT '0',
  `skin` tinyint unsigned NOT NULL DEFAULT '0',
  `face` tinyint unsigned NOT NULL DEFAULT '0',
  `hairStyle` tinyint unsigned NOT NULL DEFAULT '0',
  `hairColor` tinyint unsigned NOT NULL DEFAULT '0',
  `facialStyle` tinyint unsigned NOT NULL DEFAULT '0',
  `bankSlots` tinyint unsigned NOT NULL DEFAULT '0',
  `restState` tinyint unsigned NOT NULL DEFAULT '0',
  `playerFlags` int unsigned NOT NULL DEFAULT '0',
  `position_x` float NOT NULL DEFAULT '0',
  `position_y` float NOT NULL DEFAULT '0',
  `position_z` float NOT NULL DEFAULT '0',
  `map` smallint unsigned NOT NULL DEFAULT '0' COMMENT 'Map Identifier',
  `instance_id` int unsigned NOT NULL DEFAULT '0',
  `instance_mode_mask` tinyint unsigned NOT NULL DEFAULT '0',
  `orientation` float NOT NULL DEFAULT '0',
  `taximask` text CHARACTER SET utf8mb4 COLLATE utf8mb4_unicode_ci NOT NULL,
  `online` tinyint unsigned NOT NULL DEFAULT '0',
  `cinematic` tinyint unsigned NOT NULL DEFAULT '0',
  `totaltime` int unsigned NOT NULL DEFAULT '0',
  `leveltime` int unsigned NOT NULL DEFAULT '0',
  `logout_time` int unsigned NOT NULL DEFAULT '0',
  `is_logout_resting` tinyint unsigned NOT NULL DEFAULT '0',
  `rest_bonus` float NOT NULL DEFAULT '0',
  `resettalents_cost` int unsigned NOT NULL DEFAULT '0',
  `resettalents_time` int unsigned NOT NULL DEFAULT '0',
  `trans_x` float NOT NULL DEFAULT '0',
  `trans_y` float NOT NULL DEFAULT '0',
  `trans_z` float NOT NULL DEFAULT '0',
  `trans_o` float NOT NULL DEFAULT '0',
  `transguid` int DEFAULT '0',
  `extra_flags` smallint unsigned NOT NULL DEFAULT '0',
  `stable_slots` tinyint unsigned NOT NULL DEFAULT '0',
  `at_login` smallint unsigned NOT NULL DEFAULT '0',
  `zone` smallint unsigned NOT NULL DEFAULT '0',
  `death_expire_time` int unsigned NOT NULL DEFAULT '0',
  `taxi_path` text CHARACTER SET utf8mb4 COLLATE utf8mb4_unicode_ci,
  `arenaPoints` int unsigned NOT NULL DEFAULT '0',
  `totalHonorPoints` int unsigned NOT NULL DEFAULT '0',
  `todayHonorPoints` int unsigned NOT NULL DEFAULT '0',
  `yesterdayHonorPoints` int unsigned NOT NULL DEFAULT '0',
  `totalKills` int unsigned NOT NULL DEFAULT '0',
  `todayKills` smallint unsigned NOT NULL DEFAULT '0',
  `yesterdayKills` smallint unsigned NOT NULL DEFAULT '0',
  `chosenTitle` int unsigned NOT NULL DEFAULT '0',
  `knownCurrencies` bigint unsigned NOT NULL DEFAULT '0',
  `watchedFaction` int unsigned NOT NULL DEFAULT '0',
  `drunk` tinyint unsigned NOT NULL DEFAULT '0',
  `health` int unsigned NOT NULL DEFAULT '0',
  `power1` int unsigned NOT NULL DEFAULT '0',
  `power2` int unsigned NOT NULL DEFAULT '0',
  `power3` int unsigned NOT NULL DEFAULT '0',
  `power4` int unsigned NOT NULL DEFAULT '0',
  `power5` int unsigned NOT NULL DEFAULT '0',
  `power6` int unsigned NOT NULL DEFAULT '0',
  `power7` int unsigned NOT NULL DEFAULT '0',
  `latency` int unsigned DEFAULT '0',
  `talentGroupsCount` tinyint unsigned NOT NULL DEFAULT '1',
  `activeTalentGroup` tinyint unsigned NOT NULL DEFAULT '0',
  `exploredZones` longtext CHARACTER SET utf8mb4 COLLATE utf8mb4_unicode_ci,
  `equipmentCache` longtext CHARACTER SET utf8mb4 COLLATE utf8mb4_unicode_ci,
  `ammoId` int unsigned NOT NULL DEFAULT '0',
  `knownTitles` longtext CHARACTER SET utf8mb4 COLLATE utf8mb4_unicode_ci,
  `actionBars` tinyint unsigned NOT NULL DEFAULT '0',
  `grantableLevels` tinyint unsigned NOT NULL DEFAULT '0',
  `order` tinyint DEFAULT NULL,
  `creation_date` timestamp NOT NULL DEFAULT CURRENT_TIMESTAMP,
  `deleteInfos_Account` int unsigned DEFAULT NULL,
  `deleteInfos_Name` varchar(12) CHARACTER SET utf8mb4 COLLATE utf8mb4_unicode_ci DEFAULT NULL,
  `deleteDate` int unsigned DEFAULT NULL,
  `innTriggerId` int unsigned NOT NULL,
  `extraBonusTalentCount` int NOT NULL DEFAULT '0',
  PRIMARY KEY (`guid`),
  KEY `idx_account` (`account`),
  KEY `idx_online` (`online`),
  KEY `idx_name` (`name`)
) ENGINE=InnoDB DEFAULT CHARSET=utf8mb4 COLLATE=utf8mb4_unicode_ci COMMENT='Player System';
/*!40101 SET character_set_client = @saved_cs_client */;

--
-- Dumping data for table `characters`
--

/*!40000 ALTER TABLE `characters` DISABLE KEYS */;
INSERT INTO `characters` VALUES
(3,2,'小黑妞',6,7,1,4,417,57,1,2,5,1,1,0,2,0,-3090.48,-528.175,31.3229,1,0,0,3.37811,'2097152 0 0 4 0 0 0 0 0 0 0 0 0 0 ',0,1,2484,336,1696862981,0,0.221278,0,0,0,0,0,0,0,4,0,0,215,0,'',0,0,0,0,0,0,0,0,0,4294967295,0,185,156,0,0,100,0,0,0,2,1,0,'0 0 0 0 0 0 0 0 262144 0 0 0 0 0 0 0 0 262144 0 0 0 0 0 0 0 0 0 0 0 0 0 0 0 0 0 0 0 0 0 0 0 0 0 0 0 0 0 0 0 0 0 0 0 0 0 0 0 0 0 0 0 0 0 0 0 0 0 0 0 0 0 0 0 0 0 0 0 0 0 0 0 0 0 0 0 0 0 0 0 0 0 0 0 0 0 0 0 0 0 0 0 0 0 0 0 0 0 0 0 0 0 0 0 0 0 0 0 0 0 0 0 0 0 0 0 0 0 0 ','0 0 0 0 0 0 154 0 0 0 4954 0 1366 0 0 0 4908 0 1377 0 0 0 0 0 0 0 0 0 2652 0 36 0 2362 0 0 0 0 0 0 0 0 0 0 0 0 0 ',0,'0 0 0 0 0 0 ',0,0,NULL,'2023-10-08 14:50:33',NULL,NULL,NULL,0,0),
(7,3,'原味',10,8,1,80,0,1520,7,2,7,1,8,0,2,32,2134.65,-4664.76,47.1501,1,0,0,4.88734,'4194304 0 131072 2147483652 0 0 1048576 0 0 0 0 0 0 0 ',0,1,3641,3522,1697033080,1,0,0,0,0,0,0,0,0,4,0,0,1637,0,'',0,0,0,0,0,0,0,0,0,4294967295,0,7713,510,0,0,100,0,0,0,10,2,0,'0 0 0 0 0 0 0 0 0 0 0 0 0 0 0 0 0 0 0 0 0 0 8 0 0 0 0 0 0 0 0 0 0 0 524553 8388608 48 0 0 0 262656 32768 0 0 0 0 0 262144 0 24576 0 0 0 163840 0 0 0 0 0 0 0 0 0 0 0 0 0 512 0 0 0 0 0 0 0 0 0 0 0 32768 0 0 262144 2151677952 256 0 0 0 0 0 0 0 0 67108864 0 0 0 0 0 0 0 0 0 0 0 0 0 0 0 0 0 0 0 0 0 0 0 0 0 0 0 0 0 0 0 0 0 0 ','0 0 0 0 0 0 6096 0 20893 0 0 0 20894 0 20895 0 0 0 0 0 50255 0 0 0 0 0 0 0 0 0 20978 0 0 0 0 0 0 0 41599 0 41599 0 41599 0 0 0 ',0,'0 0 0 0 0 0 ',0,0,NULL,'2023-10-11 13:03:44',NULL,NULL,NULL,4847,0),
(8,1,'小飒飒',6,7,0,1,0,0,18,2,1,0,3,0,2,0,-2937.4,-278.517,53.9223,1,0,0,1.1561,'2097152 0 0 4 0 0 0 0 0 0 0 0 0 0 ',0,1,7004,7004,1697098483,0,0.5332,0,0,0,0,0,0,0,0,0,0,215,0,'',0,0,0,0,0,0,0,0,0,4294967295,0,82,102,0,0,100,0,0,0,1,1,0,'0 0 0 0 0 0 0 0 262144 0 0 0 0 0 0 0 0 0 0 0 0 0 0 0 0 0 0 0 0 0 0 0 0 0 0 0 0 0 0 0 0 0 0 0 0 0 0 0 0 0 0 0 0 0 0 0 0 0 0 0 0 0 0 0 0 0 0 0 0 0 0 0 0 0 0 0 0 0 0 0 0 0 0 0 0 0 0 0 0 0 0 0 0 0 0 0 0 0 0 0 0 0 0 0 0 0 0 0 0 0 0 0 0 0 0 0 0 0 0 0 0 0 0 0 0 0 0 0 ','0 0 0 0 0 0 154 0 0 0 0 0 153 0 0 0 0 0 0 0 50255 0 0 0 0 0 0 0 0 0 36 0 2362 0 0 0 0 0 41599 0 41599 0 41599 0 41599 0 ',0,'0 0 0 0 0 0 ',0,0,NULL,'2023-10-12 04:34:46',NULL,NULL,NULL,0,0);
/*!40000 ALTER TABLE `characters` ENABLE KEYS */;

--
-- Table structure for table `corpse`
--

DROP TABLE IF EXISTS `corpse`;
/*!40101 SET @saved_cs_client     = @@character_set_client */;
/*!40101 SET character_set_client = utf8 */;
CREATE TABLE `corpse` (
  `guid` int unsigned NOT NULL DEFAULT '0' COMMENT 'Character Global Unique Identifier',
  `posX` float NOT NULL DEFAULT '0',
  `posY` float NOT NULL DEFAULT '0',
  `posZ` float NOT NULL DEFAULT '0',
  `orientation` float NOT NULL DEFAULT '0',
  `mapId` smallint unsigned NOT NULL DEFAULT '0' COMMENT 'Map Identifier',
  `phaseMask` int unsigned NOT NULL DEFAULT '1',
  `displayId` int unsigned NOT NULL DEFAULT '0',
  `itemCache` text CHARACTER SET utf8mb4 COLLATE utf8mb4_unicode_ci NOT NULL,
  `bytes1` int unsigned NOT NULL DEFAULT '0',
  `bytes2` int unsigned NOT NULL DEFAULT '0',
  `guildId` int unsigned NOT NULL DEFAULT '0',
  `flags` tinyint unsigned NOT NULL DEFAULT '0',
  `dynFlags` tinyint unsigned NOT NULL DEFAULT '0',
  `time` int unsigned NOT NULL DEFAULT '0',
  `corpseType` tinyint unsigned NOT NULL DEFAULT '0',
  `instanceId` int unsigned NOT NULL DEFAULT '0' COMMENT 'Instance Identifier',
  PRIMARY KEY (`guid`),
  KEY `idx_type` (`corpseType`),
  KEY `idx_instance` (`instanceId`),
  KEY `idx_time` (`time`)
) ENGINE=InnoDB DEFAULT CHARSET=utf8mb4 COLLATE=utf8mb4_unicode_ci COMMENT='Death System';
/*!40101 SET character_set_client = @saved_cs_client */;

--
-- Dumping data for table `corpse`
--

/*!40000 ALTER TABLE `corpse` DISABLE KEYS */;
/*!40000 ALTER TABLE `corpse` ENABLE KEYS */;

--
-- Table structure for table `creature_respawn`
--

DROP TABLE IF EXISTS `creature_respawn`;
/*!40101 SET @saved_cs_client     = @@character_set_client */;
/*!40101 SET character_set_client = utf8 */;
CREATE TABLE `creature_respawn` (
  `guid` int unsigned NOT NULL DEFAULT '0' COMMENT 'Global Unique Identifier',
  `respawnTime` int unsigned NOT NULL DEFAULT '0',
  `mapId` smallint unsigned NOT NULL DEFAULT '0',
  `instanceId` int unsigned NOT NULL DEFAULT '0' COMMENT 'Instance Identifier',
  PRIMARY KEY (`guid`,`instanceId`),
  KEY `idx_instance` (`instanceId`)
) ENGINE=InnoDB DEFAULT CHARSET=utf8mb4 COLLATE=utf8mb4_unicode_ci COMMENT='Grid Loading System';
/*!40101 SET character_set_client = @saved_cs_client */;

--
-- Dumping data for table `creature_respawn`
--

/*!40000 ALTER TABLE `creature_respawn` DISABLE KEYS */;
INSERT INTO `creature_respawn` VALUES
(130661,1697043156,609,0),
(130682,1697043494,609,0),
(130829,1697043495,609,0),
(130830,1697043494,609,0),
(130899,1697043438,609,0),
(130900,1697043280,609,0),
(130901,1697043479,609,0),
(130902,1697043433,609,0),
(130903,1697043242,609,0),
(130904,1697043331,609,0);
/*!40000 ALTER TABLE `creature_respawn` ENABLE KEYS */;

--
-- Table structure for table `custom_solocraft_character_stats`
--

DROP TABLE IF EXISTS `custom_solocraft_character_stats`;
/*!40101 SET @saved_cs_client     = @@character_set_client */;
/*!40101 SET character_set_client = utf8 */;
CREATE TABLE `custom_solocraft_character_stats` (
  `GUID` bigint unsigned NOT NULL,
  `Difficulty` float NOT NULL,
  `GroupSize` int NOT NULL,
  `SpellPower` int unsigned NOT NULL DEFAULT '0',
  `Stats` float NOT NULL DEFAULT '100',
  PRIMARY KEY (`GUID`)
) ENGINE=InnoDB DEFAULT CHARSET=utf8mb3 COLLATE=utf8mb3_bin;
/*!40101 SET character_set_client = @saved_cs_client */;

--
-- Dumping data for table `custom_solocraft_character_stats`
--

/*!40000 ALTER TABLE `custom_solocraft_character_stats` DISABLE KEYS */;
/*!40000 ALTER TABLE `custom_solocraft_character_stats` ENABLE KEYS */;

--
-- Table structure for table `game_event_condition_save`
--

DROP TABLE IF EXISTS `game_event_condition_save`;
/*!40101 SET @saved_cs_client     = @@character_set_client */;
/*!40101 SET character_set_client = utf8 */;
CREATE TABLE `game_event_condition_save` (
  `eventEntry` tinyint unsigned NOT NULL,
  `condition_id` int unsigned NOT NULL DEFAULT '0',
  `done` float DEFAULT '0',
  PRIMARY KEY (`eventEntry`,`condition_id`)
) ENGINE=InnoDB DEFAULT CHARSET=utf8mb4 COLLATE=utf8mb4_unicode_ci;
/*!40101 SET character_set_client = @saved_cs_client */;

--
-- Dumping data for table `game_event_condition_save`
--

/*!40000 ALTER TABLE `game_event_condition_save` DISABLE KEYS */;
/*!40000 ALTER TABLE `game_event_condition_save` ENABLE KEYS */;

--
-- Table structure for table `game_event_save`
--

DROP TABLE IF EXISTS `game_event_save`;
/*!40101 SET @saved_cs_client     = @@character_set_client */;
/*!40101 SET character_set_client = utf8 */;
CREATE TABLE `game_event_save` (
  `eventEntry` tinyint unsigned NOT NULL,
  `state` tinyint unsigned NOT NULL DEFAULT '1',
  `next_start` int unsigned NOT NULL DEFAULT '0',
  PRIMARY KEY (`eventEntry`)
) ENGINE=InnoDB DEFAULT CHARSET=utf8mb4 COLLATE=utf8mb4_unicode_ci;
/*!40101 SET character_set_client = @saved_cs_client */;

--
-- Dumping data for table `game_event_save`
--

/*!40000 ALTER TABLE `game_event_save` DISABLE KEYS */;
/*!40000 ALTER TABLE `game_event_save` ENABLE KEYS */;

--
-- Table structure for table `gameobject_respawn`
--

DROP TABLE IF EXISTS `gameobject_respawn`;
/*!40101 SET @saved_cs_client     = @@character_set_client */;
/*!40101 SET character_set_client = utf8 */;
CREATE TABLE `gameobject_respawn` (
  `guid` int unsigned NOT NULL DEFAULT '0' COMMENT 'Global Unique Identifier',
  `respawnTime` int unsigned NOT NULL DEFAULT '0',
  `mapId` smallint unsigned NOT NULL DEFAULT '0',
  `instanceId` int unsigned NOT NULL DEFAULT '0' COMMENT 'Instance Identifier',
  PRIMARY KEY (`guid`,`instanceId`),
  KEY `idx_instance` (`instanceId`)
) ENGINE=InnoDB DEFAULT CHARSET=utf8mb4 COLLATE=utf8mb4_unicode_ci COMMENT='Grid Loading System';
/*!40101 SET character_set_client = @saved_cs_client */;

--
-- Dumping data for table `gameobject_respawn`
--

/*!40000 ALTER TABLE `gameobject_respawn` DISABLE KEYS */;
/*!40000 ALTER TABLE `gameobject_respawn` ENABLE KEYS */;

--
-- Table structure for table `gm_subsurvey`
--

DROP TABLE IF EXISTS `gm_subsurvey`;
/*!40101 SET @saved_cs_client     = @@character_set_client */;
/*!40101 SET character_set_client = utf8 */;
CREATE TABLE `gm_subsurvey` (
  `surveyId` int unsigned NOT NULL AUTO_INCREMENT,
  `questionId` int unsigned NOT NULL DEFAULT '0',
  `answer` int unsigned NOT NULL DEFAULT '0',
  `answerComment` text CHARACTER SET utf8mb4 COLLATE utf8mb4_unicode_ci NOT NULL,
  PRIMARY KEY (`surveyId`,`questionId`)
) ENGINE=InnoDB DEFAULT CHARSET=utf8mb4 COLLATE=utf8mb4_unicode_ci COMMENT='Player System';
/*!40101 SET character_set_client = @saved_cs_client */;

--
-- Dumping data for table `gm_subsurvey`
--

/*!40000 ALTER TABLE `gm_subsurvey` DISABLE KEYS */;
/*!40000 ALTER TABLE `gm_subsurvey` ENABLE KEYS */;

--
-- Table structure for table `gm_survey`
--

DROP TABLE IF EXISTS `gm_survey`;
/*!40101 SET @saved_cs_client     = @@character_set_client */;
/*!40101 SET character_set_client = utf8 */;
CREATE TABLE `gm_survey` (
  `surveyId` int unsigned NOT NULL AUTO_INCREMENT,
  `guid` int unsigned NOT NULL DEFAULT '0',
  `mainSurvey` int unsigned NOT NULL DEFAULT '0',
  `comment` longtext CHARACTER SET utf8mb4 COLLATE utf8mb4_unicode_ci NOT NULL,
  `createTime` int unsigned NOT NULL DEFAULT '0',
  `maxMMR` smallint NOT NULL,
  PRIMARY KEY (`surveyId`)
) ENGINE=InnoDB DEFAULT CHARSET=utf8mb4 COLLATE=utf8mb4_unicode_ci COMMENT='Player System';
/*!40101 SET character_set_client = @saved_cs_client */;

--
-- Dumping data for table `gm_survey`
--

/*!40000 ALTER TABLE `gm_survey` DISABLE KEYS */;
/*!40000 ALTER TABLE `gm_survey` ENABLE KEYS */;

--
-- Table structure for table `gm_ticket`
--

DROP TABLE IF EXISTS `gm_ticket`;
/*!40101 SET @saved_cs_client     = @@character_set_client */;
/*!40101 SET character_set_client = utf8 */;
CREATE TABLE `gm_ticket` (
  `id` int unsigned NOT NULL AUTO_INCREMENT,
  `type` tinyint unsigned NOT NULL DEFAULT '0' COMMENT '0 open, 1 closed, 2 character deleted',
  `playerGuid` int unsigned NOT NULL DEFAULT '0' COMMENT 'Global Unique Identifier of ticket creator',
  `name` varchar(12) CHARACTER SET utf8mb4 COLLATE utf8mb4_unicode_ci NOT NULL COMMENT 'Name of ticket creator',
  `description` text CHARACTER SET utf8mb4 COLLATE utf8mb4_unicode_ci NOT NULL,
  `createTime` int unsigned NOT NULL DEFAULT '0',
  `mapId` smallint unsigned NOT NULL DEFAULT '0',
  `posX` float NOT NULL DEFAULT '0',
  `posY` float NOT NULL DEFAULT '0',
  `posZ` float NOT NULL DEFAULT '0',
  `lastModifiedTime` int unsigned NOT NULL DEFAULT '0',
  `closedBy` int NOT NULL DEFAULT '0' COMMENT '-1 Closed by Console, >0 GUID of GM',
  `assignedTo` int unsigned NOT NULL DEFAULT '0' COMMENT 'GUID of admin to whom ticket is assigned',
  `comment` text CHARACTER SET utf8mb4 COLLATE utf8mb4_unicode_ci NOT NULL,
  `response` text CHARACTER SET utf8mb4 COLLATE utf8mb4_unicode_ci NOT NULL,
  `completed` tinyint unsigned NOT NULL DEFAULT '0',
  `escalated` tinyint unsigned NOT NULL DEFAULT '0',
  `viewed` tinyint unsigned NOT NULL DEFAULT '0',
  `needMoreHelp` tinyint unsigned NOT NULL DEFAULT '0',
  `resolvedBy` int NOT NULL DEFAULT '0' COMMENT '-1 Resolved by Console, >0 GUID of GM',
  PRIMARY KEY (`id`)
) ENGINE=InnoDB DEFAULT CHARSET=utf8mb4 COLLATE=utf8mb4_unicode_ci COMMENT='Player System';
/*!40101 SET character_set_client = @saved_cs_client */;

--
-- Dumping data for table `gm_ticket`
--

/*!40000 ALTER TABLE `gm_ticket` DISABLE KEYS */;
/*!40000 ALTER TABLE `gm_ticket` ENABLE KEYS */;

--
-- Table structure for table `group_member`
--

DROP TABLE IF EXISTS `group_member`;
/*!40101 SET @saved_cs_client     = @@character_set_client */;
/*!40101 SET character_set_client = utf8 */;
CREATE TABLE `group_member` (
  `guid` int unsigned NOT NULL,
  `memberGuid` int unsigned NOT NULL,
  `memberFlags` tinyint unsigned NOT NULL DEFAULT '0',
  `subgroup` tinyint unsigned NOT NULL DEFAULT '0',
  `roles` tinyint unsigned NOT NULL DEFAULT '0',
  PRIMARY KEY (`memberGuid`)
) ENGINE=InnoDB DEFAULT CHARSET=utf8mb4 COLLATE=utf8mb4_unicode_ci COMMENT='Groups';
/*!40101 SET character_set_client = @saved_cs_client */;

--
-- Dumping data for table `group_member`
--

/*!40000 ALTER TABLE `group_member` DISABLE KEYS */;
/*!40000 ALTER TABLE `group_member` ENABLE KEYS */;

--
-- Table structure for table `groups`
--

DROP TABLE IF EXISTS `groups`;
/*!40101 SET @saved_cs_client     = @@character_set_client */;
/*!40101 SET character_set_client = utf8 */;
CREATE TABLE `groups` (
  `guid` int unsigned NOT NULL,
  `leaderGuid` int unsigned NOT NULL,
  `lootMethod` tinyint unsigned NOT NULL,
  `looterGuid` int unsigned NOT NULL,
  `lootThreshold` tinyint unsigned NOT NULL,
  `icon1` bigint unsigned NOT NULL,
  `icon2` bigint unsigned NOT NULL,
  `icon3` bigint unsigned NOT NULL,
  `icon4` bigint unsigned NOT NULL,
  `icon5` bigint unsigned NOT NULL,
  `icon6` bigint unsigned NOT NULL,
  `icon7` bigint unsigned NOT NULL,
  `icon8` bigint unsigned NOT NULL,
  `groupType` tinyint unsigned NOT NULL,
  `difficulty` tinyint unsigned NOT NULL DEFAULT '0',
  `raidDifficulty` tinyint unsigned NOT NULL DEFAULT '0',
  `masterLooterGuid` int unsigned NOT NULL,
  PRIMARY KEY (`guid`),
  KEY `leaderGuid` (`leaderGuid`)
) ENGINE=InnoDB DEFAULT CHARSET=utf8mb4 COLLATE=utf8mb4_unicode_ci COMMENT='Groups';
/*!40101 SET character_set_client = @saved_cs_client */;

--
-- Dumping data for table `groups`
--

/*!40000 ALTER TABLE `groups` DISABLE KEYS */;
/*!40000 ALTER TABLE `groups` ENABLE KEYS */;

--
-- Table structure for table `guild`
--

DROP TABLE IF EXISTS `guild`;
/*!40101 SET @saved_cs_client     = @@character_set_client */;
/*!40101 SET character_set_client = utf8 */;
CREATE TABLE `guild` (
  `guildid` int unsigned NOT NULL DEFAULT '0',
  `name` varchar(24) CHARACTER SET utf8mb4 COLLATE utf8mb4_unicode_ci NOT NULL DEFAULT '',
  `leaderguid` int unsigned NOT NULL DEFAULT '0',
  `EmblemStyle` tinyint unsigned NOT NULL DEFAULT '0',
  `EmblemColor` tinyint unsigned NOT NULL DEFAULT '0',
  `BorderStyle` tinyint unsigned NOT NULL DEFAULT '0',
  `BorderColor` tinyint unsigned NOT NULL DEFAULT '0',
  `BackgroundColor` tinyint unsigned NOT NULL DEFAULT '0',
  `info` varchar(500) CHARACTER SET utf8mb4 COLLATE utf8mb4_unicode_ci NOT NULL DEFAULT '',
  `motd` varchar(128) CHARACTER SET utf8mb4 COLLATE utf8mb4_unicode_ci NOT NULL DEFAULT '',
  `createdate` int unsigned NOT NULL DEFAULT '0',
  `BankMoney` bigint unsigned NOT NULL DEFAULT '0',
  PRIMARY KEY (`guildid`)
) ENGINE=InnoDB DEFAULT CHARSET=utf8mb4 COLLATE=utf8mb4_unicode_ci COMMENT='Guild System';
/*!40101 SET character_set_client = @saved_cs_client */;

--
-- Dumping data for table `guild`
--

/*!40000 ALTER TABLE `guild` DISABLE KEYS */;
/*!40000 ALTER TABLE `guild` ENABLE KEYS */;

--
-- Table structure for table `guild_bank_eventlog`
--

DROP TABLE IF EXISTS `guild_bank_eventlog`;
/*!40101 SET @saved_cs_client     = @@character_set_client */;
/*!40101 SET character_set_client = utf8 */;
CREATE TABLE `guild_bank_eventlog` (
  `guildid` int unsigned NOT NULL DEFAULT '0' COMMENT 'Guild Identificator',
  `LogGuid` int unsigned NOT NULL DEFAULT '0' COMMENT 'Log record identificator - auxiliary column',
  `TabId` tinyint unsigned NOT NULL DEFAULT '0' COMMENT 'Guild bank TabId',
  `EventType` tinyint unsigned NOT NULL DEFAULT '0' COMMENT 'Event type',
  `PlayerGuid` int unsigned NOT NULL DEFAULT '0',
  `ItemOrMoney` int unsigned NOT NULL DEFAULT '0',
  `ItemStackCount` smallint unsigned NOT NULL DEFAULT '0',
  `DestTabId` tinyint unsigned NOT NULL DEFAULT '0' COMMENT 'Destination Tab Id',
  `TimeStamp` int unsigned NOT NULL DEFAULT '0' COMMENT 'Event UNIX time',
  PRIMARY KEY (`guildid`,`LogGuid`,`TabId`),
  KEY `guildid_key` (`guildid`),
  KEY `Idx_PlayerGuid` (`PlayerGuid`),
  KEY `Idx_LogGuid` (`LogGuid`)
) ENGINE=InnoDB DEFAULT CHARSET=utf8mb4 COLLATE=utf8mb4_unicode_ci;
/*!40101 SET character_set_client = @saved_cs_client */;

--
-- Dumping data for table `guild_bank_eventlog`
--

/*!40000 ALTER TABLE `guild_bank_eventlog` DISABLE KEYS */;
/*!40000 ALTER TABLE `guild_bank_eventlog` ENABLE KEYS */;

--
-- Table structure for table `guild_bank_item`
--

DROP TABLE IF EXISTS `guild_bank_item`;
/*!40101 SET @saved_cs_client     = @@character_set_client */;
/*!40101 SET character_set_client = utf8 */;
CREATE TABLE `guild_bank_item` (
  `guildid` int unsigned NOT NULL DEFAULT '0',
  `TabId` tinyint unsigned NOT NULL DEFAULT '0',
  `SlotId` tinyint unsigned NOT NULL DEFAULT '0',
  `item_guid` int unsigned NOT NULL DEFAULT '0',
  PRIMARY KEY (`guildid`,`TabId`,`SlotId`),
  KEY `guildid_key` (`guildid`),
  KEY `Idx_item_guid` (`item_guid`)
) ENGINE=InnoDB DEFAULT CHARSET=utf8mb4 COLLATE=utf8mb4_unicode_ci;
/*!40101 SET character_set_client = @saved_cs_client */;

--
-- Dumping data for table `guild_bank_item`
--

/*!40000 ALTER TABLE `guild_bank_item` DISABLE KEYS */;
/*!40000 ALTER TABLE `guild_bank_item` ENABLE KEYS */;

--
-- Table structure for table `guild_bank_right`
--

DROP TABLE IF EXISTS `guild_bank_right`;
/*!40101 SET @saved_cs_client     = @@character_set_client */;
/*!40101 SET character_set_client = utf8 */;
CREATE TABLE `guild_bank_right` (
  `guildid` int unsigned NOT NULL DEFAULT '0',
  `TabId` tinyint unsigned NOT NULL DEFAULT '0',
  `rid` tinyint unsigned NOT NULL DEFAULT '0',
  `gbright` tinyint unsigned NOT NULL DEFAULT '0',
  `SlotPerDay` int unsigned NOT NULL DEFAULT '0',
  PRIMARY KEY (`guildid`,`TabId`,`rid`),
  KEY `guildid_key` (`guildid`)
) ENGINE=InnoDB DEFAULT CHARSET=utf8mb4 COLLATE=utf8mb4_unicode_ci;
/*!40101 SET character_set_client = @saved_cs_client */;

--
-- Dumping data for table `guild_bank_right`
--

/*!40000 ALTER TABLE `guild_bank_right` DISABLE KEYS */;
/*!40000 ALTER TABLE `guild_bank_right` ENABLE KEYS */;

--
-- Table structure for table `guild_bank_tab`
--

DROP TABLE IF EXISTS `guild_bank_tab`;
/*!40101 SET @saved_cs_client     = @@character_set_client */;
/*!40101 SET character_set_client = utf8 */;
CREATE TABLE `guild_bank_tab` (
  `guildid` int unsigned NOT NULL DEFAULT '0',
  `TabId` tinyint unsigned NOT NULL DEFAULT '0',
  `TabName` varchar(16) CHARACTER SET utf8mb4 COLLATE utf8mb4_unicode_ci NOT NULL DEFAULT '',
  `TabIcon` varchar(100) CHARACTER SET utf8mb4 COLLATE utf8mb4_unicode_ci NOT NULL DEFAULT '',
  `TabText` varchar(500) CHARACTER SET utf8mb4 COLLATE utf8mb4_unicode_ci DEFAULT NULL,
  PRIMARY KEY (`guildid`,`TabId`),
  KEY `guildid_key` (`guildid`)
) ENGINE=InnoDB DEFAULT CHARSET=utf8mb4 COLLATE=utf8mb4_unicode_ci;
/*!40101 SET character_set_client = @saved_cs_client */;

--
-- Dumping data for table `guild_bank_tab`
--

/*!40000 ALTER TABLE `guild_bank_tab` DISABLE KEYS */;
/*!40000 ALTER TABLE `guild_bank_tab` ENABLE KEYS */;

--
-- Table structure for table `guild_eventlog`
--

DROP TABLE IF EXISTS `guild_eventlog`;
/*!40101 SET @saved_cs_client     = @@character_set_client */;
/*!40101 SET character_set_client = utf8 */;
CREATE TABLE `guild_eventlog` (
  `guildid` int unsigned NOT NULL COMMENT 'Guild Identificator',
  `LogGuid` int unsigned NOT NULL COMMENT 'Log record identificator - auxiliary column',
  `EventType` tinyint unsigned NOT NULL COMMENT 'Event type',
  `PlayerGuid1` int unsigned NOT NULL COMMENT 'Player 1',
  `PlayerGuid2` int unsigned NOT NULL COMMENT 'Player 2',
  `NewRank` tinyint unsigned NOT NULL COMMENT 'New rank(in case promotion/demotion)',
  `TimeStamp` int unsigned NOT NULL COMMENT 'Event UNIX time',
  PRIMARY KEY (`guildid`,`LogGuid`),
  KEY `Idx_PlayerGuid1` (`PlayerGuid1`),
  KEY `Idx_PlayerGuid2` (`PlayerGuid2`),
  KEY `Idx_LogGuid` (`LogGuid`)
) ENGINE=InnoDB DEFAULT CHARSET=utf8mb4 COLLATE=utf8mb4_unicode_ci COMMENT='Guild Eventlog';
/*!40101 SET character_set_client = @saved_cs_client */;

--
-- Dumping data for table `guild_eventlog`
--

/*!40000 ALTER TABLE `guild_eventlog` DISABLE KEYS */;
/*!40000 ALTER TABLE `guild_eventlog` ENABLE KEYS */;

--
-- Table structure for table `guild_member`
--

DROP TABLE IF EXISTS `guild_member`;
/*!40101 SET @saved_cs_client     = @@character_set_client */;
/*!40101 SET character_set_client = utf8 */;
CREATE TABLE `guild_member` (
  `guildid` int unsigned NOT NULL COMMENT 'Guild Identificator',
  `guid` int unsigned NOT NULL,
  `rank` tinyint unsigned NOT NULL,
  `pnote` varchar(31) CHARACTER SET utf8mb4 COLLATE utf8mb4_unicode_ci NOT NULL DEFAULT '',
  `offnote` varchar(31) CHARACTER SET utf8mb4 COLLATE utf8mb4_unicode_ci NOT NULL DEFAULT '',
  UNIQUE KEY `guid_key` (`guid`),
  KEY `guildid_key` (`guildid`),
  KEY `guildid_rank_key` (`guildid`,`rank`)
) ENGINE=InnoDB DEFAULT CHARSET=utf8mb4 COLLATE=utf8mb4_unicode_ci COMMENT='Guild System';
/*!40101 SET character_set_client = @saved_cs_client */;

--
-- Dumping data for table `guild_member`
--

/*!40000 ALTER TABLE `guild_member` DISABLE KEYS */;
/*!40000 ALTER TABLE `guild_member` ENABLE KEYS */;

--
-- Table structure for table `guild_member_withdraw`
--

DROP TABLE IF EXISTS `guild_member_withdraw`;
/*!40101 SET @saved_cs_client     = @@character_set_client */;
/*!40101 SET character_set_client = utf8 */;
CREATE TABLE `guild_member_withdraw` (
  `guid` int unsigned NOT NULL,
  `tab0` int unsigned NOT NULL DEFAULT '0',
  `tab1` int unsigned NOT NULL DEFAULT '0',
  `tab2` int unsigned NOT NULL DEFAULT '0',
  `tab3` int unsigned NOT NULL DEFAULT '0',
  `tab4` int unsigned NOT NULL DEFAULT '0',
  `tab5` int unsigned NOT NULL DEFAULT '0',
  `money` int unsigned NOT NULL DEFAULT '0',
  PRIMARY KEY (`guid`)
) ENGINE=InnoDB DEFAULT CHARSET=utf8mb4 COLLATE=utf8mb4_unicode_ci COMMENT='Guild Member Daily Withdraws';
/*!40101 SET character_set_client = @saved_cs_client */;

--
-- Dumping data for table `guild_member_withdraw`
--

/*!40000 ALTER TABLE `guild_member_withdraw` DISABLE KEYS */;
/*!40000 ALTER TABLE `guild_member_withdraw` ENABLE KEYS */;

--
-- Table structure for table `guild_rank`
--

DROP TABLE IF EXISTS `guild_rank`;
/*!40101 SET @saved_cs_client     = @@character_set_client */;
/*!40101 SET character_set_client = utf8 */;
CREATE TABLE `guild_rank` (
  `guildid` int unsigned NOT NULL DEFAULT '0',
  `rid` tinyint unsigned NOT NULL,
  `rname` varchar(20) CHARACTER SET utf8mb4 COLLATE utf8mb4_unicode_ci NOT NULL DEFAULT '',
  `rights` int unsigned DEFAULT '0',
  `BankMoneyPerDay` int unsigned NOT NULL DEFAULT '0',
  PRIMARY KEY (`guildid`,`rid`),
  KEY `Idx_rid` (`rid`)
) ENGINE=InnoDB DEFAULT CHARSET=utf8mb4 COLLATE=utf8mb4_unicode_ci COMMENT='Guild System';
/*!40101 SET character_set_client = @saved_cs_client */;

--
-- Dumping data for table `guild_rank`
--

/*!40000 ALTER TABLE `guild_rank` DISABLE KEYS */;
/*!40000 ALTER TABLE `guild_rank` ENABLE KEYS */;

--
-- Table structure for table `instance`
--

DROP TABLE IF EXISTS `instance`;
/*!40101 SET @saved_cs_client     = @@character_set_client */;
/*!40101 SET character_set_client = utf8 */;
CREATE TABLE `instance` (
  `id` int unsigned NOT NULL DEFAULT '0',
  `map` smallint unsigned NOT NULL DEFAULT '0',
  `resettime` int unsigned NOT NULL DEFAULT '0',
  `difficulty` tinyint unsigned NOT NULL DEFAULT '0',
  `completedEncounters` int unsigned NOT NULL DEFAULT '0',
  `data` text COLLATE utf8mb4_unicode_ci NOT NULL,
  PRIMARY KEY (`id`),
  KEY `map` (`map`),
  KEY `resettime` (`resettime`),
  KEY `difficulty` (`difficulty`)
) ENGINE=InnoDB DEFAULT CHARSET=utf8mb4 COLLATE=utf8mb4_unicode_ci;
/*!40101 SET character_set_client = @saved_cs_client */;

--
-- Dumping data for table `instance`
--

/*!40000 ALTER TABLE `instance` DISABLE KEYS */;
/*!40000 ALTER TABLE `instance` ENABLE KEYS */;

--
-- Table structure for table `instance_reset`
--

DROP TABLE IF EXISTS `instance_reset`;
/*!40101 SET @saved_cs_client     = @@character_set_client */;
/*!40101 SET character_set_client = utf8 */;
CREATE TABLE `instance_reset` (
  `mapid` smallint unsigned NOT NULL DEFAULT '0',
  `difficulty` tinyint unsigned NOT NULL DEFAULT '0',
  `resettime` int unsigned NOT NULL DEFAULT '0',
  PRIMARY KEY (`mapid`,`difficulty`),
  KEY `difficulty` (`difficulty`)
) ENGINE=InnoDB DEFAULT CHARSET=utf8mb4 COLLATE=utf8mb4_unicode_ci;
/*!40101 SET character_set_client = @saved_cs_client */;

--
-- Dumping data for table `instance_reset`
--

/*!40000 ALTER TABLE `instance_reset` DISABLE KEYS */;
INSERT INTO `instance_reset` VALUES
(249,0,1697169600),
(249,1,1697169600),
(269,1,1697169600),
(309,0,1697256000),
(409,0,1697169600),
(469,0,1697169600),
(509,0,1697256000),
(531,0,1697169600),
(532,0,1697169600),
(533,0,1697169600),
(533,1,1697169600),
(534,0,1697169600),
(540,1,1697169600),
(542,1,1697169600),
(543,1,1697169600),
(544,0,1697169600),
(545,1,1697169600),
(546,1,1697169600),
(547,1,1697169600),
(548,0,1697169600),
(550,0,1697169600),
(552,1,1697169600),
(553,1,1697169600),
(554,1,1697169600),
(555,1,1697169600),
(556,1,1697169600),
(557,1,1697169600),
(558,1,1697169600),
(560,1,1697169600),
(564,0,1697169600),
(565,0,1697169600),
(568,0,1697256000),
(574,1,1697169600),
(575,1,1697169600),
(576,1,1697169600),
(578,1,1697169600),
(580,0,1697169600),
(585,1,1697169600),
(595,1,1697169600),
(598,1,1697169600),
(599,1,1697169600),
(600,1,1697169600),
(601,1,1697169600),
(602,1,1697169600),
(603,0,1697169600),
(603,1,1697169600),
(604,1,1697169600),
(608,1,1697169600),
(615,0,1697169600),
(615,1,1697169600),
(616,0,1697169600),
(616,1,1697169600),
(619,1,1697169600),
(624,0,1697169600),
(624,1,1697169600),
(631,0,1697169600),
(631,1,1697169600),
(631,2,1697169600),
(631,3,1697169600),
(632,1,1697169600),
(649,0,1697169600),
(649,1,1697169600),
(649,2,1697169600),
(649,3,1697169600),
(650,1,1697169600),
(658,1,1697169600),
(668,1,1697169600),
(724,0,1697169600),
(724,1,1697169600),
(724,2,1697169600),
(724,3,1697169600);
/*!40000 ALTER TABLE `instance_reset` ENABLE KEYS */;

--
-- Table structure for table `instance_saved_go_state_data`
--

DROP TABLE IF EXISTS `instance_saved_go_state_data`;
/*!40101 SET @saved_cs_client     = @@character_set_client */;
/*!40101 SET character_set_client = utf8 */;
CREATE TABLE `instance_saved_go_state_data` (
  `id` int unsigned NOT NULL COMMENT 'instance.id',
  `guid` int unsigned NOT NULL COMMENT 'gameobject.guid',
  `state` tinyint unsigned DEFAULT '0' COMMENT 'gameobject.state',
  PRIMARY KEY (`id`,`guid`) USING BTREE
) ENGINE=InnoDB DEFAULT CHARSET=utf8mb4 COLLATE=utf8mb4_unicode_ci;
/*!40101 SET character_set_client = @saved_cs_client */;

--
-- Dumping data for table `instance_saved_go_state_data`
--

/*!40000 ALTER TABLE `instance_saved_go_state_data` DISABLE KEYS */;
/*!40000 ALTER TABLE `instance_saved_go_state_data` ENABLE KEYS */;

--
-- Table structure for table `item_instance`
--

DROP TABLE IF EXISTS `item_instance`;
/*!40101 SET @saved_cs_client     = @@character_set_client */;
/*!40101 SET character_set_client = utf8 */;
CREATE TABLE `item_instance` (
  `guid` int unsigned NOT NULL DEFAULT '0',
  `itemEntry` int unsigned DEFAULT '0',
  `owner_guid` int unsigned NOT NULL DEFAULT '0',
  `creatorGuid` int unsigned NOT NULL DEFAULT '0',
  `giftCreatorGuid` int unsigned NOT NULL DEFAULT '0',
  `count` int unsigned NOT NULL DEFAULT '1',
  `duration` int NOT NULL DEFAULT '0',
  `charges` tinytext CHARACTER SET utf8mb4 COLLATE utf8mb4_unicode_ci,
  `flags` int unsigned DEFAULT '0',
  `enchantments` text CHARACTER SET utf8mb4 COLLATE utf8mb4_unicode_ci NOT NULL,
  `randomPropertyId` smallint NOT NULL DEFAULT '0',
  `durability` smallint unsigned NOT NULL DEFAULT '0',
  `playedTime` int unsigned NOT NULL DEFAULT '0',
  `text` text CHARACTER SET utf8mb4 COLLATE utf8mb4_unicode_ci,
  PRIMARY KEY (`guid`),
  KEY `idx_owner_guid` (`owner_guid`)
) ENGINE=InnoDB DEFAULT CHARSET=utf8mb4 COLLATE=utf8mb4_unicode_ci COMMENT='Item System';
/*!40101 SET character_set_client = @saved_cs_client */;

--
-- Dumping data for table `item_instance`
--

/*!40000 ALTER TABLE `item_instance` DISABLE KEYS */;
INSERT INTO `item_instance` VALUES
(173,23364,0,0,0,1,0,'0 0 0 0 0 ',0,'0 0 0 0 0 0 0 0 0 0 0 0 0 0 0 0 0 0 0 0 0 0 0 0 0 0 0 0 0 0 0 0 0 0 0 0 ',0,0,0,''),
(175,154,3,0,0,1,0,'0 0 0 0 0 ',0,'0 0 0 0 0 0 0 0 0 0 0 0 0 0 0 0 0 0 0 0 0 0 0 0 0 0 0 0 0 0 0 0 0 0 0 0 ',0,0,0,''),
(179,6948,3,0,0,1,0,'0 0 0 0 0 ',1,'0 0 0 0 0 0 0 0 0 0 0 0 0 0 0 0 0 0 0 0 0 0 0 0 0 0 0 0 0 0 0 0 0 0 0 0 ',0,0,0,''),
(181,36,3,0,0,1,0,'0 0 0 0 0 ',0,'0 0 0 0 0 0 0 0 0 0 0 0 0 0 0 0 0 0 0 0 0 0 0 0 0 0 0 0 0 0 0 0 0 0 0 0 ',0,20,0,''),
(183,2362,3,0,0,1,0,'0 0 0 0 0 ',0,'0 0 0 0 0 0 0 0 0 0 0 0 0 0 0 0 0 0 0 0 0 0 0 0 0 0 0 0 0 0 0 0 0 0 0 0 ',0,20,0,''),
(184,25750,3,0,0,1,0,'0 0 0 0 0 ',1,'0 0 0 0 0 0 0 0 0 0 0 0 0 0 0 0 0 0 0 0 0 0 0 0 0 0 0 0 0 0 0 0 0 0 0 0 ',0,0,0,''),
(213,41599,0,0,0,1,0,'0 0 0 0 0 ',0,'0 0 0 0 0 0 0 0 0 0 0 0 0 0 0 0 0 0 0 0 0 0 0 0 0 0 0 0 0 0 0 0 0 0 0 0 ',0,0,0,''),
(360,4757,3,0,0,5,0,'0 0 0 0 0 ',0,'0 0 0 0 0 0 0 0 0 0 0 0 0 0 0 0 0 0 0 0 0 0 0 0 0 0 0 0 0 0 0 0 0 0 0 0 ',0,0,0,''),
(369,7096,3,0,0,3,0,'0 0 0 0 0 ',0,'0 0 0 0 0 0 0 0 0 0 0 0 0 0 0 0 0 0 0 0 0 0 0 0 0 0 0 0 0 0 0 0 0 0 0 0 ',0,0,0,''),
(381,2652,3,0,0,1,0,'0 0 0 0 0 ',0,'0 0 0 0 0 0 0 0 0 0 0 0 0 0 0 0 0 0 0 0 0 0 0 0 0 0 0 0 0 0 0 0 0 0 0 0 ',0,0,0,''),
(382,4757,3,0,0,1,0,'0 0 0 0 0 ',0,'0 0 0 0 0 0 0 0 0 0 0 0 0 0 0 0 0 0 0 0 0 0 0 0 0 0 0 0 0 0 0 0 0 0 0 0 ',0,0,0,''),
(385,4954,3,0,0,1,0,'0 0 0 0 0 ',1,'0 0 0 0 0 0 0 0 0 0 0 0 0 0 0 0 0 0 0 0 0 0 0 0 0 0 0 0 0 0 0 0 0 0 0 0 ',0,15,0,''),
(388,4865,3,0,0,5,0,'0 0 0 0 0 ',0,'0 0 0 0 0 0 0 0 0 0 0 0 0 0 0 0 0 0 0 0 0 0 0 0 0 0 0 0 0 0 0 0 0 0 0 0 ',0,0,0,''),
(392,1377,3,0,0,1,0,'0 0 0 0 0 ',0,'0 0 0 0 0 0 0 0 0 0 0 0 0 0 0 0 0 0 0 0 0 0 0 0 0 0 0 0 0 0 0 0 0 0 0 0 ',0,12,0,''),
(393,7073,3,0,0,5,0,'0 0 0 0 0 ',0,'0 0 0 0 0 0 0 0 0 0 0 0 0 0 0 0 0 0 0 0 0 0 0 0 0 0 0 0 0 0 0 0 0 0 0 0 ',0,0,0,''),
(395,7074,3,0,0,3,0,'0 0 0 0 0 ',0,'0 0 0 0 0 0 0 0 0 0 0 0 0 0 0 0 0 0 0 0 0 0 0 0 0 0 0 0 0 0 0 0 0 0 0 0 ',0,0,0,''),
(410,1366,3,0,0,1,0,'0 0 0 0 0 ',0,'0 0 0 0 0 0 0 0 0 0 0 0 0 0 0 0 0 0 0 0 0 0 0 0 0 0 0 0 0 0 0 0 0 0 0 0 ',0,29,0,''),
(412,7073,3,0,0,1,0,'0 0 0 0 0 ',0,'0 0 0 0 0 0 0 0 0 0 0 0 0 0 0 0 0 0 0 0 0 0 0 0 0 0 0 0 0 0 0 0 0 0 0 0 ',0,0,0,''),
(414,4908,3,0,0,1,0,'0 0 0 0 0 ',1,'0 0 0 0 0 0 0 0 0 0 0 0 0 0 0 0 0 0 0 0 0 0 0 0 0 0 0 0 0 0 0 0 0 0 0 0 ',0,16,0,''),
(415,4865,3,0,0,5,0,'0 0 0 0 0 ',0,'0 0 0 0 0 0 0 0 0 0 0 0 0 0 0 0 0 0 0 0 0 0 0 0 0 0 0 0 0 0 0 0 0 0 0 0 ',0,0,0,''),
(422,7098,3,0,0,5,0,'0 0 0 0 0 ',0,'0 0 0 0 0 0 0 0 0 0 0 0 0 0 0 0 0 0 0 0 0 0 0 0 0 0 0 0 0 0 0 0 0 0 0 0 ',0,0,0,''),
(444,6059,3,0,0,1,0,'0 0 0 0 0 ',1,'0 0 0 0 0 0 0 0 0 0 0 0 0 0 0 0 0 0 0 0 0 0 0 0 0 0 0 0 0 0 0 0 0 0 0 0 ',0,45,0,''),
(445,4540,3,0,0,10,0,'-1 0 0 0 0 ',0,'0 0 0 0 0 0 0 0 0 0 0 0 0 0 0 0 0 0 0 0 0 0 0 0 0 0 0 0 0 0 0 0 0 0 0 0 ',0,0,0,''),
(446,50255,0,0,0,1,0,'0 0 0 0 0 ',0,'0 0 0 0 0 0 0 0 0 0 0 0 0 0 0 0 0 0 0 0 0 0 0 0 0 0 0 0 0 0 0 0 0 0 0 0 ',0,0,0,''),
(565,20893,7,0,0,1,0,'0 0 0 0 0 ',0,'0 0 0 0 0 0 0 0 0 0 0 0 0 0 0 0 0 0 0 0 0 0 0 0 0 0 0 0 0 0 0 0 0 0 0 0 ',0,32,0,''),
(567,20894,7,0,0,1,0,'0 0 0 0 0 ',0,'0 0 0 0 0 0 0 0 0 0 0 0 0 0 0 0 0 0 0 0 0 0 0 0 0 0 0 0 0 0 0 0 0 0 0 0 ',0,23,0,''),
(569,6096,7,0,0,1,0,'0 0 0 0 0 ',0,'0 0 0 0 0 0 0 0 0 0 0 0 0 0 0 0 0 0 0 0 0 0 0 0 0 0 0 0 0 0 0 0 0 0 0 0 ',0,0,0,''),
(571,20978,7,0,0,1,0,'0 0 0 0 0 ',0,'0 0 0 0 0 0 0 0 0 0 0 0 0 0 0 0 0 0 0 0 0 0 0 0 0 0 0 0 0 0 0 0 0 0 0 0 ',0,23,0,''),
(573,20895,7,0,0,1,0,'0 0 0 0 0 ',0,'0 0 0 0 0 0 0 0 0 0 0 0 0 0 0 0 0 0 0 0 0 0 0 0 0 0 0 0 0 0 0 0 0 0 0 0 ',0,0,0,''),
(575,6948,7,0,0,1,0,'0 0 0 0 0 ',1,'0 0 0 0 0 0 0 0 0 0 0 0 0 0 0 0 0 0 0 0 0 0 0 0 0 0 0 0 0 0 0 0 0 0 0 0 ',0,0,0,''),
(577,25750,7,0,0,1,0,'0 0 0 0 0 ',1,'0 0 0 0 0 0 0 0 0 0 0 0 0 0 0 0 0 0 0 0 0 0 0 0 0 0 0 0 0 0 0 0 0 0 0 0 ',0,0,0,''),
(578,41599,7,0,0,1,0,'0 0 0 0 0 ',1,'0 0 0 0 0 0 0 0 0 0 0 0 0 0 0 0 0 0 0 0 0 0 0 0 0 0 0 0 0 0 0 0 0 0 0 0 ',0,0,0,''),
(579,41599,7,0,0,1,0,'0 0 0 0 0 ',1,'0 0 0 0 0 0 0 0 0 0 0 0 0 0 0 0 0 0 0 0 0 0 0 0 0 0 0 0 0 0 0 0 0 0 0 0 ',0,0,0,''),
(580,41599,7,0,0,1,0,'0 0 0 0 0 ',1,'0 0 0 0 0 0 0 0 0 0 0 0 0 0 0 0 0 0 0 0 0 0 0 0 0 0 0 0 0 0 0 0 0 0 0 0 ',0,0,0,''),
(581,50255,7,0,0,1,0,'0 0 0 0 0 ',1,'0 0 0 0 0 0 0 0 0 0 0 0 0 0 0 0 0 0 0 0 0 0 0 0 0 0 0 0 0 0 0 0 0 0 0 0 ',0,0,0,''),
(589,22018,7,0,0,19,0,'-1 0 0 0 0 ',0,'0 0 0 0 0 0 0 0 0 0 0 0 0 0 0 0 0 0 0 0 0 0 0 0 0 0 0 0 0 0 0 0 0 0 0 0 ',0,0,0,''),
(590,27668,7,0,0,1,0,'0 0 0 0 0 ',0,'0 0 0 0 0 0 0 0 0 0 0 0 0 0 0 0 0 0 0 0 0 0 0 0 0 0 0 0 0 0 0 0 0 0 0 0 ',0,0,0,''),
(591,34368,7,0,0,1,0,'0 0 0 0 0 ',1,'0 0 0 0 0 0 0 0 0 0 0 0 0 0 0 0 0 0 0 0 0 0 0 0 0 0 0 0 0 0 0 0 0 0 0 0 ',0,0,0,''),
(592,17020,7,0,0,2,0,'0 0 0 0 0 ',0,'0 0 0 0 0 0 0 0 0 0 0 0 0 0 0 0 0 0 0 0 0 0 0 0 0 0 0 0 0 0 0 0 0 0 0 0 ',0,0,0,''),
(594,17032,7,0,0,1,0,'0 0 0 0 0 ',0,'0 0 0 0 0 0 0 0 0 0 0 0 0 0 0 0 0 0 0 0 0 0 0 0 0 0 0 0 0 0 0 0 0 0 0 0 ',0,0,0,''),
(601,9311,7,16128,0,1,0,'0 0 0 0 0 ',786944,'0 0 0 0 0 0 0 0 0 0 0 0 0 0 0 0 0 0 0 0 0 0 0 0 0 0 0 0 0 0 0 0 0 0 0 0 ',0,0,0,'恭喜你在探险的过程中到达了80级，毫无疑问，你把自己所有精力都献身于同企图征服艾泽拉斯的恶魔做斗争的事业中去了，并且应该做到了不小的成就。$B$B你虽已到达80级，但还不是值得庆贺的时候，更大的挑战还在等待着你。$B$B继续战斗吧！$B$B罗宁'),
(602,41427,7,0,0,5,0,'-1 0 0 0 0 ',0,'0 0 0 0 0 0 0 0 0 0 0 0 0 0 0 0 0 0 0 0 0 0 0 0 0 0 0 0 0 0 0 0 0 0 0 0 ',0,0,0,''),
(603,33447,7,0,0,5,0,'-1 0 0 0 0 ',0,'0 0 0 0 0 0 0 0 0 0 0 0 0 0 0 0 0 0 0 0 0 0 0 0 0 0 0 0 0 0 0 0 0 0 0 0 ',0,0,0,''),
(604,40211,7,0,0,5,0,'-1 0 0 0 0 ',0,'0 0 0 0 0 0 0 0 0 0 0 0 0 0 0 0 0 0 0 0 0 0 0 0 0 0 0 0 0 0 0 0 0 0 0 0 ',0,0,0,''),
(605,33448,7,0,0,5,0,'-1 0 0 0 0 ',0,'0 0 0 0 0 0 0 0 0 0 0 0 0 0 0 0 0 0 0 0 0 0 0 0 0 0 0 0 0 0 0 0 0 0 0 0 ',0,0,0,''),
(607,154,8,0,0,1,0,'0 0 0 0 0 ',0,'0 0 0 0 0 0 0 0 0 0 0 0 0 0 0 0 0 0 0 0 0 0 0 0 0 0 0 0 0 0 0 0 0 0 0 0 ',0,0,0,''),
(609,153,8,0,0,1,0,'0 0 0 0 0 ',0,'0 0 0 0 0 0 0 0 0 0 0 0 0 0 0 0 0 0 0 0 0 0 0 0 0 0 0 0 0 0 0 0 0 0 0 0 ',0,30,0,''),
(611,6948,8,0,0,1,0,'0 0 0 0 0 ',1,'0 0 0 0 0 0 0 0 0 0 0 0 0 0 0 0 0 0 0 0 0 0 0 0 0 0 0 0 0 0 0 0 0 0 0 0 ',0,0,0,''),
(613,36,8,0,0,1,0,'0 0 0 0 0 ',0,'0 0 0 0 0 0 0 0 0 0 0 0 0 0 0 0 0 0 0 0 0 0 0 0 0 0 0 0 0 0 0 0 0 0 0 0 ',0,20,0,''),
(615,2362,8,0,0,1,0,'0 0 0 0 0 ',0,'0 0 0 0 0 0 0 0 0 0 0 0 0 0 0 0 0 0 0 0 0 0 0 0 0 0 0 0 0 0 0 0 0 0 0 0 ',0,20,0,''),
(616,41599,8,0,0,1,0,'0 0 0 0 0 ',1,'0 0 0 0 0 0 0 0 0 0 0 0 0 0 0 0 0 0 0 0 0 0 0 0 0 0 0 0 0 0 0 0 0 0 0 0 ',0,0,0,''),
(617,41599,8,0,0,1,0,'0 0 0 0 0 ',1,'0 0 0 0 0 0 0 0 0 0 0 0 0 0 0 0 0 0 0 0 0 0 0 0 0 0 0 0 0 0 0 0 0 0 0 0 ',0,0,0,''),
(618,41599,8,0,0,1,0,'0 0 0 0 0 ',1,'0 0 0 0 0 0 0 0 0 0 0 0 0 0 0 0 0 0 0 0 0 0 0 0 0 0 0 0 0 0 0 0 0 0 0 0 ',0,0,0,''),
(619,41599,8,0,0,1,0,'0 0 0 0 0 ',1,'0 0 0 0 0 0 0 0 0 0 0 0 0 0 0 0 0 0 0 0 0 0 0 0 0 0 0 0 0 0 0 0 0 0 0 0 ',0,0,0,''),
(620,50255,8,0,0,1,0,'0 0 0 0 0 ',1,'0 0 0 0 0 0 0 0 0 0 0 0 0 0 0 0 0 0 0 0 0 0 0 0 0 0 0 0 0 0 0 0 0 0 0 0 ',0,0,0,'');
/*!40000 ALTER TABLE `item_instance` ENABLE KEYS */;

--
-- Table structure for table `item_loot_storage`
--

DROP TABLE IF EXISTS `item_loot_storage`;
/*!40101 SET @saved_cs_client     = @@character_set_client */;
/*!40101 SET character_set_client = utf8 */;
CREATE TABLE `item_loot_storage` (
  `containerGUID` int unsigned NOT NULL,
  `itemid` int unsigned NOT NULL,
  `count` int unsigned NOT NULL,
  `item_index` int unsigned NOT NULL DEFAULT '0',
  `randomPropertyId` int NOT NULL,
  `randomSuffix` int unsigned NOT NULL,
  `follow_loot_rules` tinyint unsigned NOT NULL,
  `freeforall` tinyint unsigned NOT NULL,
  `is_blocked` tinyint unsigned NOT NULL,
  `is_counted` tinyint unsigned NOT NULL,
  `is_underthreshold` tinyint unsigned NOT NULL,
  `needs_quest` tinyint unsigned NOT NULL,
  `conditionLootId` int NOT NULL DEFAULT '0'
) ENGINE=InnoDB DEFAULT CHARSET=utf8mb4 COLLATE=utf8mb4_unicode_ci;
/*!40101 SET character_set_client = @saved_cs_client */;

--
-- Dumping data for table `item_loot_storage`
--

/*!40000 ALTER TABLE `item_loot_storage` DISABLE KEYS */;
/*!40000 ALTER TABLE `item_loot_storage` ENABLE KEYS */;

--
-- Table structure for table `item_refund_instance`
--

DROP TABLE IF EXISTS `item_refund_instance`;
/*!40101 SET @saved_cs_client     = @@character_set_client */;
/*!40101 SET character_set_client = utf8 */;
CREATE TABLE `item_refund_instance` (
  `item_guid` int unsigned NOT NULL COMMENT 'Item GUID',
  `player_guid` int unsigned NOT NULL COMMENT 'Player GUID',
  `paidMoney` int unsigned NOT NULL DEFAULT '0',
  `paidExtendedCost` smallint unsigned NOT NULL DEFAULT '0',
  PRIMARY KEY (`item_guid`,`player_guid`)
) ENGINE=InnoDB DEFAULT CHARSET=utf8mb4 COLLATE=utf8mb4_unicode_ci COMMENT='Item Refund System';
/*!40101 SET character_set_client = @saved_cs_client */;

--
-- Dumping data for table `item_refund_instance`
--

/*!40000 ALTER TABLE `item_refund_instance` DISABLE KEYS */;
/*!40000 ALTER TABLE `item_refund_instance` ENABLE KEYS */;

--
-- Table structure for table `item_soulbound_trade_data`
--

DROP TABLE IF EXISTS `item_soulbound_trade_data`;
/*!40101 SET @saved_cs_client     = @@character_set_client */;
/*!40101 SET character_set_client = utf8 */;
CREATE TABLE `item_soulbound_trade_data` (
  `itemGuid` int unsigned NOT NULL COMMENT 'Item GUID',
  `allowedPlayers` text CHARACTER SET utf8mb4 COLLATE utf8mb4_unicode_ci NOT NULL COMMENT 'Space separated GUID list of players who can receive this item in trade',
  PRIMARY KEY (`itemGuid`)
) ENGINE=InnoDB DEFAULT CHARSET=utf8mb4 COLLATE=utf8mb4_unicode_ci COMMENT='Item Refund System';
/*!40101 SET character_set_client = @saved_cs_client */;

--
-- Dumping data for table `item_soulbound_trade_data`
--

/*!40000 ALTER TABLE `item_soulbound_trade_data` DISABLE KEYS */;
/*!40000 ALTER TABLE `item_soulbound_trade_data` ENABLE KEYS */;

--
-- Table structure for table `lag_reports`
--

DROP TABLE IF EXISTS `lag_reports`;
/*!40101 SET @saved_cs_client     = @@character_set_client */;
/*!40101 SET character_set_client = utf8 */;
CREATE TABLE `lag_reports` (
  `reportId` int unsigned NOT NULL AUTO_INCREMENT,
  `guid` int unsigned NOT NULL DEFAULT '0',
  `lagType` tinyint unsigned NOT NULL DEFAULT '0',
  `mapId` smallint unsigned NOT NULL DEFAULT '0',
  `posX` float NOT NULL DEFAULT '0',
  `posY` float NOT NULL DEFAULT '0',
  `posZ` float NOT NULL DEFAULT '0',
  `latency` int unsigned NOT NULL DEFAULT '0',
  `createTime` int unsigned NOT NULL DEFAULT '0',
  PRIMARY KEY (`reportId`)
) ENGINE=InnoDB DEFAULT CHARSET=utf8mb4 COLLATE=utf8mb4_unicode_ci COMMENT='Player System';
/*!40101 SET character_set_client = @saved_cs_client */;

--
-- Dumping data for table `lag_reports`
--

/*!40000 ALTER TABLE `lag_reports` DISABLE KEYS */;
/*!40000 ALTER TABLE `lag_reports` ENABLE KEYS */;

--
-- Table structure for table `lfg_data`
--

DROP TABLE IF EXISTS `lfg_data`;
/*!40101 SET @saved_cs_client     = @@character_set_client */;
/*!40101 SET character_set_client = utf8 */;
CREATE TABLE `lfg_data` (
  `guid` int unsigned NOT NULL DEFAULT '0' COMMENT 'Global Unique Identifier',
  `dungeon` int unsigned NOT NULL DEFAULT '0',
  `state` tinyint unsigned NOT NULL DEFAULT '0',
  PRIMARY KEY (`guid`)
) ENGINE=InnoDB DEFAULT CHARSET=utf8mb4 COLLATE=utf8mb4_unicode_ci COMMENT='LFG Data';
/*!40101 SET character_set_client = @saved_cs_client */;

--
-- Dumping data for table `lfg_data`
--

/*!40000 ALTER TABLE `lfg_data` DISABLE KEYS */;
/*!40000 ALTER TABLE `lfg_data` ENABLE KEYS */;

--
-- Table structure for table `log_arena_fights`
--

DROP TABLE IF EXISTS `log_arena_fights`;
/*!40101 SET @saved_cs_client     = @@character_set_client */;
/*!40101 SET character_set_client = utf8 */;
CREATE TABLE `log_arena_fights` (
  `fight_id` int unsigned NOT NULL,
  `time` datetime NOT NULL,
  `type` tinyint unsigned NOT NULL,
  `duration` int unsigned NOT NULL,
  `winner` int unsigned NOT NULL,
  `loser` int unsigned NOT NULL,
  `winner_tr` smallint unsigned NOT NULL,
  `winner_mmr` smallint unsigned NOT NULL,
  `winner_tr_change` smallint NOT NULL,
  `loser_tr` smallint unsigned NOT NULL,
  `loser_mmr` smallint unsigned NOT NULL,
  `loser_tr_change` smallint NOT NULL,
  `currOnline` int unsigned NOT NULL,
  PRIMARY KEY (`fight_id`)
) ENGINE=InnoDB DEFAULT CHARSET=utf8mb4 COLLATE=utf8mb4_unicode_ci;
/*!40101 SET character_set_client = @saved_cs_client */;

--
-- Dumping data for table `log_arena_fights`
--

/*!40000 ALTER TABLE `log_arena_fights` DISABLE KEYS */;
/*!40000 ALTER TABLE `log_arena_fights` ENABLE KEYS */;

--
-- Table structure for table `log_arena_memberstats`
--

DROP TABLE IF EXISTS `log_arena_memberstats`;
/*!40101 SET @saved_cs_client     = @@character_set_client */;
/*!40101 SET character_set_client = utf8 */;
CREATE TABLE `log_arena_memberstats` (
  `fight_id` int unsigned NOT NULL,
  `member_id` tinyint unsigned NOT NULL,
  `name` char(20) CHARACTER SET utf8mb4 COLLATE utf8mb4_unicode_ci NOT NULL,
  `guid` int unsigned NOT NULL,
  `team` int unsigned NOT NULL,
  `account` int unsigned NOT NULL,
  `ip` char(15) CHARACTER SET utf8mb4 COLLATE utf8mb4_unicode_ci NOT NULL,
  `damage` int unsigned NOT NULL,
  `heal` int unsigned NOT NULL,
  `kblows` int unsigned NOT NULL,
  PRIMARY KEY (`fight_id`,`member_id`)
) ENGINE=InnoDB DEFAULT CHARSET=utf8mb4 COLLATE=utf8mb4_unicode_ci;
/*!40101 SET character_set_client = @saved_cs_client */;

--
-- Dumping data for table `log_arena_memberstats`
--

/*!40000 ALTER TABLE `log_arena_memberstats` DISABLE KEYS */;
/*!40000 ALTER TABLE `log_arena_memberstats` ENABLE KEYS */;

--
-- Table structure for table `log_encounter`
--

DROP TABLE IF EXISTS `log_encounter`;
/*!40101 SET @saved_cs_client     = @@character_set_client */;
/*!40101 SET character_set_client = utf8 */;
CREATE TABLE `log_encounter` (
  `time` datetime NOT NULL,
  `map` smallint unsigned NOT NULL,
  `difficulty` tinyint unsigned NOT NULL,
  `creditType` tinyint unsigned NOT NULL,
  `creditEntry` int unsigned NOT NULL,
  `playersInfo` text CHARACTER SET utf8mb4 COLLATE utf8mb4_unicode_ci NOT NULL
) ENGINE=InnoDB DEFAULT CHARSET=utf8mb4 COLLATE=utf8mb4_unicode_ci;
/*!40101 SET character_set_client = @saved_cs_client */;

--
-- Dumping data for table `log_encounter`
--

/*!40000 ALTER TABLE `log_encounter` DISABLE KEYS */;
/*!40000 ALTER TABLE `log_encounter` ENABLE KEYS */;

--
-- Table structure for table `log_money`
--

DROP TABLE IF EXISTS `log_money`;
/*!40101 SET @saved_cs_client     = @@character_set_client */;
/*!40101 SET character_set_client = utf8 */;
CREATE TABLE `log_money` (
  `sender_acc` int unsigned NOT NULL,
  `sender_guid` int unsigned NOT NULL,
  `sender_name` text CHARACTER SET utf8mb4 COLLATE utf8mb4_unicode_ci NOT NULL,
  `sender_ip` text CHARACTER SET utf8mb4 COLLATE utf8mb4_unicode_ci NOT NULL,
  `receiver_acc` int unsigned NOT NULL,
  `receiver_name` text CHARACTER SET utf8mb4 COLLATE utf8mb4_unicode_ci NOT NULL,
  `money` bigint unsigned NOT NULL,
  `topic` text CHARACTER SET utf8mb4 COLLATE utf8mb4_unicode_ci NOT NULL,
  `date` datetime NOT NULL,
  `type` tinyint NOT NULL COMMENT '1=COD,2=AH,3=GB DEPOSIT,4=GB WITHDRAW,5=MAIL,6=TRADE'
) ENGINE=InnoDB DEFAULT CHARSET=utf8mb4 COLLATE=utf8mb4_unicode_ci;
/*!40101 SET character_set_client = @saved_cs_client */;

--
-- Dumping data for table `log_money`
--

/*!40000 ALTER TABLE `log_money` DISABLE KEYS */;
/*!40000 ALTER TABLE `log_money` ENABLE KEYS */;

--
-- Table structure for table `mail`
--

DROP TABLE IF EXISTS `mail`;
/*!40101 SET @saved_cs_client     = @@character_set_client */;
/*!40101 SET character_set_client = utf8 */;
CREATE TABLE `mail` (
  `id` int unsigned NOT NULL DEFAULT '0' COMMENT 'Identifier',
  `messageType` tinyint unsigned NOT NULL DEFAULT '0',
  `stationery` tinyint NOT NULL DEFAULT '41',
  `mailTemplateId` smallint unsigned NOT NULL DEFAULT '0',
  `sender` int unsigned NOT NULL DEFAULT '0' COMMENT 'Character Global Unique Identifier',
  `receiver` int unsigned NOT NULL DEFAULT '0' COMMENT 'Character Global Unique Identifier',
  `subject` longtext CHARACTER SET utf8mb4 COLLATE utf8mb4_unicode_ci,
  `body` longtext CHARACTER SET utf8mb4 COLLATE utf8mb4_unicode_ci,
  `has_items` tinyint unsigned NOT NULL DEFAULT '0',
  `expire_time` int unsigned NOT NULL DEFAULT '0',
  `deliver_time` int unsigned NOT NULL DEFAULT '0',
  `money` int unsigned NOT NULL DEFAULT '0',
  `cod` int unsigned NOT NULL DEFAULT '0',
  `checked` tinyint unsigned NOT NULL DEFAULT '0',
  PRIMARY KEY (`id`),
  KEY `idx_receiver` (`receiver`)
) ENGINE=InnoDB DEFAULT CHARSET=utf8mb4 COLLATE=utf8mb4_unicode_ci COMMENT='Mail System';
/*!40101 SET character_set_client = @saved_cs_client */;

--
-- Dumping data for table `mail`
--

/*!40000 ALTER TABLE `mail` DISABLE KEYS */;
INSERT INTO `mail` VALUES
(8,3,41,0,10667,3,'铛铛铛～升级奖励到了!','Hello 小黑妞 年轻的冒险家你的出色成功引起了我的关注～你是全服第3rd 位到达4th 等级的哟～希望你能再接再厉，勇往直前～～',1,1699454644,1696862644,0,0,0);
/*!40000 ALTER TABLE `mail` ENABLE KEYS */;

--
-- Table structure for table `mail_items`
--

DROP TABLE IF EXISTS `mail_items`;
/*!40101 SET @saved_cs_client     = @@character_set_client */;
/*!40101 SET character_set_client = utf8 */;
CREATE TABLE `mail_items` (
  `mail_id` int unsigned NOT NULL DEFAULT '0',
  `item_guid` int unsigned NOT NULL DEFAULT '0',
  `receiver` int unsigned NOT NULL DEFAULT '0' COMMENT 'Character Global Unique Identifier',
  PRIMARY KEY (`item_guid`),
  KEY `idx_receiver` (`receiver`),
  KEY `idx_mail_id` (`mail_id`)
) ENGINE=InnoDB DEFAULT CHARSET=utf8mb4 COLLATE=utf8mb4_unicode_ci;
/*!40101 SET character_set_client = @saved_cs_client */;

--
-- Dumping data for table `mail_items`
--

/*!40000 ALTER TABLE `mail_items` DISABLE KEYS */;
INSERT INTO `mail_items` VALUES
(8,446,3);
/*!40000 ALTER TABLE `mail_items` ENABLE KEYS */;

--
-- Table structure for table `mail_server_character`
--

DROP TABLE IF EXISTS `mail_server_character`;
/*!40101 SET @saved_cs_client     = @@character_set_client */;
/*!40101 SET character_set_client = utf8 */;
CREATE TABLE `mail_server_character` (
  `guid` int unsigned NOT NULL,
  `mailId` int unsigned NOT NULL,
  PRIMARY KEY (`guid`,`mailId`)
) ENGINE=InnoDB DEFAULT CHARSET=utf8mb4 COLLATE=utf8mb4_unicode_ci;
/*!40101 SET character_set_client = @saved_cs_client */;

--
-- Dumping data for table `mail_server_character`
--

/*!40000 ALTER TABLE `mail_server_character` DISABLE KEYS */;
/*!40000 ALTER TABLE `mail_server_character` ENABLE KEYS */;

--
-- Table structure for table `mail_server_template`
--

DROP TABLE IF EXISTS `mail_server_template`;
/*!40101 SET @saved_cs_client     = @@character_set_client */;
/*!40101 SET character_set_client = utf8 */;
CREATE TABLE `mail_server_template` (
  `id` int unsigned NOT NULL AUTO_INCREMENT,
  `reqLevel` tinyint unsigned NOT NULL DEFAULT '0',
  `reqPlayTime` int unsigned NOT NULL DEFAULT '0',
  `moneyA` int unsigned NOT NULL DEFAULT '0',
  `moneyH` int unsigned NOT NULL DEFAULT '0',
  `itemA` int unsigned NOT NULL DEFAULT '0',
  `itemCountA` int unsigned NOT NULL DEFAULT '0',
  `itemH` int unsigned NOT NULL DEFAULT '0',
  `itemCountH` int unsigned NOT NULL DEFAULT '0',
  `subject` text CHARACTER SET utf8mb4 COLLATE utf8mb4_unicode_ci NOT NULL,
  `body` text CHARACTER SET utf8mb4 COLLATE utf8mb4_unicode_ci NOT NULL,
  `active` tinyint unsigned NOT NULL DEFAULT '1',
  PRIMARY KEY (`id`)
) ENGINE=InnoDB DEFAULT CHARSET=utf8mb4 COLLATE=utf8mb4_unicode_ci;
/*!40101 SET character_set_client = @saved_cs_client */;

--
-- Dumping data for table `mail_server_template`
--

/*!40000 ALTER TABLE `mail_server_template` DISABLE KEYS */;
/*!40000 ALTER TABLE `mail_server_template` ENABLE KEYS */;

--
-- Table structure for table `pet_aura`
--

DROP TABLE IF EXISTS `pet_aura`;
/*!40101 SET @saved_cs_client     = @@character_set_client */;
/*!40101 SET character_set_client = utf8 */;
CREATE TABLE `pet_aura` (
  `guid` int unsigned NOT NULL DEFAULT '0' COMMENT 'Global Unique Identifier',
  `casterGuid` bigint unsigned NOT NULL DEFAULT '0' COMMENT 'Full Global Unique Identifier',
  `spell` int unsigned NOT NULL DEFAULT '0',
  `effectMask` tinyint unsigned NOT NULL DEFAULT '0',
  `recalculateMask` tinyint unsigned NOT NULL DEFAULT '0',
  `stackCount` tinyint unsigned NOT NULL DEFAULT '1',
  `amount0` int DEFAULT NULL,
  `amount1` int DEFAULT NULL,
  `amount2` int DEFAULT NULL,
  `base_amount0` int DEFAULT NULL,
  `base_amount1` int DEFAULT NULL,
  `base_amount2` int DEFAULT NULL,
  `maxDuration` int NOT NULL DEFAULT '0',
  `remainTime` int NOT NULL DEFAULT '0',
  `remainCharges` tinyint unsigned NOT NULL DEFAULT '0',
  PRIMARY KEY (`guid`,`casterGuid`,`spell`,`effectMask`)
) ENGINE=InnoDB DEFAULT CHARSET=utf8mb4 COLLATE=utf8mb4_unicode_ci COMMENT='Pet System';
/*!40101 SET character_set_client = @saved_cs_client */;

--
-- Dumping data for table `pet_aura`
--

/*!40000 ALTER TABLE `pet_aura` DISABLE KEYS */;
/*!40000 ALTER TABLE `pet_aura` ENABLE KEYS */;

--
-- Table structure for table `pet_spell`
--

DROP TABLE IF EXISTS `pet_spell`;
/*!40101 SET @saved_cs_client     = @@character_set_client */;
/*!40101 SET character_set_client = utf8 */;
CREATE TABLE `pet_spell` (
  `guid` int unsigned NOT NULL DEFAULT '0' COMMENT 'Global Unique Identifier',
  `spell` int unsigned NOT NULL DEFAULT '0' COMMENT 'Spell Identifier',
  `active` tinyint unsigned NOT NULL DEFAULT '0',
  PRIMARY KEY (`guid`,`spell`)
) ENGINE=InnoDB DEFAULT CHARSET=utf8mb4 COLLATE=utf8mb4_unicode_ci COMMENT='Pet System';
/*!40101 SET character_set_client = @saved_cs_client */;

--
-- Dumping data for table `pet_spell`
--

/*!40000 ALTER TABLE `pet_spell` DISABLE KEYS */;
/*!40000 ALTER TABLE `pet_spell` ENABLE KEYS */;

--
-- Table structure for table `pet_spell_cooldown`
--

DROP TABLE IF EXISTS `pet_spell_cooldown`;
/*!40101 SET @saved_cs_client     = @@character_set_client */;
/*!40101 SET character_set_client = utf8 */;
CREATE TABLE `pet_spell_cooldown` (
  `guid` int unsigned NOT NULL DEFAULT '0' COMMENT 'Global Unique Identifier, Low part',
  `spell` int unsigned NOT NULL DEFAULT '0' COMMENT 'Spell Identifier',
  `category` int unsigned DEFAULT '0',
  `time` int unsigned NOT NULL DEFAULT '0',
  PRIMARY KEY (`guid`,`spell`)
) ENGINE=InnoDB DEFAULT CHARSET=utf8mb4 COLLATE=utf8mb4_unicode_ci;
/*!40101 SET character_set_client = @saved_cs_client */;

--
-- Dumping data for table `pet_spell_cooldown`
--

/*!40000 ALTER TABLE `pet_spell_cooldown` DISABLE KEYS */;
/*!40000 ALTER TABLE `pet_spell_cooldown` ENABLE KEYS */;

--
-- Table structure for table `petition`
--

DROP TABLE IF EXISTS `petition`;
/*!40101 SET @saved_cs_client     = @@character_set_client */;
/*!40101 SET character_set_client = utf8 */;
CREATE TABLE `petition` (
  `ownerguid` int unsigned NOT NULL,
  `petitionguid` int unsigned DEFAULT '0',
  `name` varchar(24) CHARACTER SET utf8mb4 COLLATE utf8mb4_unicode_ci NOT NULL,
  `type` tinyint unsigned NOT NULL DEFAULT '0',
  PRIMARY KEY (`ownerguid`,`type`),
  UNIQUE KEY `index_ownerguid_petitionguid` (`ownerguid`,`petitionguid`)
) ENGINE=InnoDB DEFAULT CHARSET=utf8mb4 COLLATE=utf8mb4_unicode_ci COMMENT='Guild System';
/*!40101 SET character_set_client = @saved_cs_client */;

--
-- Dumping data for table `petition`
--

/*!40000 ALTER TABLE `petition` DISABLE KEYS */;
/*!40000 ALTER TABLE `petition` ENABLE KEYS */;

--
-- Table structure for table `petition_sign`
--

DROP TABLE IF EXISTS `petition_sign`;
/*!40101 SET @saved_cs_client     = @@character_set_client */;
/*!40101 SET character_set_client = utf8 */;
CREATE TABLE `petition_sign` (
  `ownerguid` int unsigned NOT NULL,
  `petitionguid` int unsigned NOT NULL DEFAULT '0',
  `playerguid` int unsigned NOT NULL DEFAULT '0',
  `player_account` int unsigned NOT NULL DEFAULT '0',
  `type` tinyint unsigned NOT NULL DEFAULT '0',
  PRIMARY KEY (`petitionguid`,`playerguid`),
  KEY `Idx_playerguid` (`playerguid`),
  KEY `Idx_ownerguid` (`ownerguid`)
) ENGINE=InnoDB DEFAULT CHARSET=utf8mb4 COLLATE=utf8mb4_unicode_ci COMMENT='Guild System';
/*!40101 SET character_set_client = @saved_cs_client */;

--
-- Dumping data for table `petition_sign`
--

/*!40000 ALTER TABLE `petition_sign` DISABLE KEYS */;
/*!40000 ALTER TABLE `petition_sign` ENABLE KEYS */;

--
-- Table structure for table `pool_quest_save`
--

DROP TABLE IF EXISTS `pool_quest_save`;
/*!40101 SET @saved_cs_client     = @@character_set_client */;
/*!40101 SET character_set_client = utf8 */;
CREATE TABLE `pool_quest_save` (
  `pool_id` int unsigned NOT NULL DEFAULT '0',
  `quest_id` int unsigned NOT NULL DEFAULT '0',
  PRIMARY KEY (`pool_id`,`quest_id`)
) ENGINE=InnoDB DEFAULT CHARSET=utf8mb4 COLLATE=utf8mb4_unicode_ci;
/*!40101 SET character_set_client = @saved_cs_client */;

--
-- Dumping data for table `pool_quest_save`
--

/*!40000 ALTER TABLE `pool_quest_save` DISABLE KEYS */;
INSERT INTO `pool_quest_save` VALUES
(348,24629),
(349,14104),
(350,13903),
(351,13914),
(352,11381),
(353,11666),
(354,13422),
(356,11499),
(357,11376),
(358,14074),
(359,14076),
(360,14140),
(361,14141),
(362,12703),
(363,14107),
(380,12737),
(381,12741),
(382,12761),
(384,13192),
(385,13154),
(386,12563),
(5662,13674),
(5663,13763),
(5664,13770),
(5665,13775),
(5666,13780),
(5667,13784),
(5668,13669),
(5669,13616),
(5670,13743),
(5671,13748),
(5672,13757),
(5673,13754),
(5674,13107),
(5675,13113),
(5676,13830),
(5677,12958),
(5678,24588);
/*!40000 ALTER TABLE `pool_quest_save` ENABLE KEYS */;

--
-- Table structure for table `profanity_name`
--

DROP TABLE IF EXISTS `profanity_name`;
/*!40101 SET @saved_cs_client     = @@character_set_client */;
/*!40101 SET character_set_client = utf8 */;
CREATE TABLE `profanity_name` (
  `name` varchar(12) CHARACTER SET utf8mb4 COLLATE utf8mb4_bin NOT NULL,
  PRIMARY KEY (`name`)
) ENGINE=InnoDB DEFAULT CHARSET=utf8mb4 COLLATE=utf8mb4_unicode_ci;
/*!40101 SET character_set_client = @saved_cs_client */;

--
-- Dumping data for table `profanity_name`
--

/*!40000 ALTER TABLE `profanity_name` DISABLE KEYS */;
/*!40000 ALTER TABLE `profanity_name` ENABLE KEYS */;

--
-- Table structure for table `pvpstats_battlegrounds`
--

DROP TABLE IF EXISTS `pvpstats_battlegrounds`;
/*!40101 SET @saved_cs_client     = @@character_set_client */;
/*!40101 SET character_set_client = utf8 */;
CREATE TABLE `pvpstats_battlegrounds` (
  `id` bigint unsigned NOT NULL AUTO_INCREMENT,
  `winner_faction` tinyint NOT NULL,
  `bracket_id` tinyint unsigned NOT NULL,
  `type` tinyint unsigned NOT NULL,
  `date` datetime NOT NULL,
  PRIMARY KEY (`id`)
) ENGINE=InnoDB DEFAULT CHARSET=utf8mb4 COLLATE=utf8mb4_unicode_ci;
/*!40101 SET character_set_client = @saved_cs_client */;

--
-- Dumping data for table `pvpstats_battlegrounds`
--

/*!40000 ALTER TABLE `pvpstats_battlegrounds` DISABLE KEYS */;
/*!40000 ALTER TABLE `pvpstats_battlegrounds` ENABLE KEYS */;

--
-- Table structure for table `pvpstats_players`
--

DROP TABLE IF EXISTS `pvpstats_players`;
/*!40101 SET @saved_cs_client     = @@character_set_client */;
/*!40101 SET character_set_client = utf8 */;
CREATE TABLE `pvpstats_players` (
  `battleground_id` bigint unsigned NOT NULL,
  `character_guid` int unsigned NOT NULL,
  `winner` bit(1) NOT NULL,
  `score_killing_blows` int unsigned DEFAULT NULL,
  `score_deaths` int unsigned DEFAULT NULL,
  `score_honorable_kills` int unsigned DEFAULT NULL,
  `score_bonus_honor` int unsigned DEFAULT NULL,
  `score_damage_done` int unsigned DEFAULT NULL,
  `score_healing_done` int unsigned DEFAULT NULL,
  `attr_1` int unsigned DEFAULT '0',
  `attr_2` int unsigned DEFAULT '0',
  `attr_3` int unsigned DEFAULT '0',
  `attr_4` int unsigned DEFAULT '0',
  `attr_5` int unsigned DEFAULT '0',
  PRIMARY KEY (`battleground_id`,`character_guid`)
) ENGINE=InnoDB DEFAULT CHARSET=utf8mb4 COLLATE=utf8mb4_unicode_ci;
/*!40101 SET character_set_client = @saved_cs_client */;

--
-- Dumping data for table `pvpstats_players`
--

/*!40000 ALTER TABLE `pvpstats_players` DISABLE KEYS */;
/*!40000 ALTER TABLE `pvpstats_players` ENABLE KEYS */;

--
-- Table structure for table `quest_tracker`
--

DROP TABLE IF EXISTS `quest_tracker`;
/*!40101 SET @saved_cs_client     = @@character_set_client */;
/*!40101 SET character_set_client = utf8 */;
CREATE TABLE `quest_tracker` (
  `id` int unsigned DEFAULT '0',
  `character_guid` int unsigned NOT NULL DEFAULT '0',
  `quest_accept_time` datetime NOT NULL,
  `quest_complete_time` datetime DEFAULT NULL,
  `quest_abandon_time` datetime DEFAULT NULL,
  `completed_by_gm` tinyint NOT NULL DEFAULT '0',
  `core_hash` varchar(120) CHARACTER SET utf8mb4 COLLATE utf8mb4_unicode_ci NOT NULL DEFAULT '0',
  `core_revision` varchar(120) CHARACTER SET utf8mb4 COLLATE utf8mb4_unicode_ci NOT NULL DEFAULT '0'
) ENGINE=InnoDB DEFAULT CHARSET=utf8mb4 COLLATE=utf8mb4_unicode_ci;
/*!40101 SET character_set_client = @saved_cs_client */;

--
-- Dumping data for table `quest_tracker`
--

/*!40000 ALTER TABLE `quest_tracker` DISABLE KEYS */;
/*!40000 ALTER TABLE `quest_tracker` ENABLE KEYS */;

--
-- Table structure for table `recovery_item`
--

DROP TABLE IF EXISTS `recovery_item`;
/*!40101 SET @saved_cs_client     = @@character_set_client */;
/*!40101 SET character_set_client = utf8 */;
CREATE TABLE `recovery_item` (
  `Id` int unsigned NOT NULL AUTO_INCREMENT,
  `Guid` int unsigned NOT NULL DEFAULT '0',
  `ItemEntry` int unsigned DEFAULT '0',
  `Count` int unsigned NOT NULL DEFAULT '0',
  PRIMARY KEY (`Id`),
  KEY `idx_guid` (`Guid`)
) ENGINE=InnoDB DEFAULT CHARSET=utf8mb4 COLLATE=utf8mb4_unicode_ci;
/*!40101 SET character_set_client = @saved_cs_client */;

--
-- Dumping data for table `recovery_item`
--

/*!40000 ALTER TABLE `recovery_item` DISABLE KEYS */;
/*!40000 ALTER TABLE `recovery_item` ENABLE KEYS */;

--
-- Table structure for table `reserved_name`
--

DROP TABLE IF EXISTS `reserved_name`;
/*!40101 SET @saved_cs_client     = @@character_set_client */;
/*!40101 SET character_set_client = utf8 */;
CREATE TABLE `reserved_name` (
  `name` varchar(12) CHARACTER SET utf8mb4 COLLATE utf8mb4_bin NOT NULL,
  PRIMARY KEY (`name`)
) ENGINE=InnoDB DEFAULT CHARSET=utf8mb4 COLLATE=utf8mb4_unicode_ci COMMENT='Player Reserved Names';
/*!40101 SET character_set_client = @saved_cs_client */;

--
-- Dumping data for table `reserved_name`
--

/*!40000 ALTER TABLE `reserved_name` DISABLE KEYS */;
/*!40000 ALTER TABLE `reserved_name` ENABLE KEYS */;

--
-- Table structure for table `updates`
--

DROP TABLE IF EXISTS `updates`;
/*!40101 SET @saved_cs_client     = @@character_set_client */;
/*!40101 SET character_set_client = utf8 */;
CREATE TABLE `updates` (
  `name` varchar(200) CHARACTER SET utf8mb4 COLLATE utf8mb4_unicode_ci NOT NULL COMMENT 'filename with extension of the update.',
  `hash` char(40) CHARACTER SET utf8mb4 COLLATE utf8mb4_unicode_ci DEFAULT '' COMMENT 'sha1 hash of the sql file.',
  `state` enum('RELEASED','CUSTOM','MODULE','ARCHIVED') CHARACTER SET utf8mb4 COLLATE utf8mb4_unicode_ci NOT NULL DEFAULT 'RELEASED' COMMENT 'defines if an update is released or archived.',
  `timestamp` timestamp NOT NULL DEFAULT CURRENT_TIMESTAMP COMMENT 'timestamp when the query was applied.',
  `speed` int unsigned NOT NULL DEFAULT '0' COMMENT 'time the query takes to apply in ms.',
  PRIMARY KEY (`name`) USING BTREE
) ENGINE=InnoDB DEFAULT CHARSET=utf8mb4 COLLATE=utf8mb4_unicode_ci COMMENT='List of all applied updates in this database.';
/*!40101 SET character_set_client = @saved_cs_client */;

--
-- Dumping data for table `updates`
--

/*!40000 ALTER TABLE `updates` DISABLE KEYS */;
INSERT INTO `updates` VALUES
('2016_07_09_00.sql','6CB4253FF700E83A3FCB121714F32E4FFA70F0F4','ARCHIVED','2021-10-14 07:13:44',1),
('2016_07_09_01.sql','5A20018FCAEC914DB359E807682F9B826865C2AB','ARCHIVED','2021-10-14 07:13:44',1),
('2016_07_10_00.sql','CA163905843EFB726CA838F463448E3833175F70','ARCHIVED','2021-10-14 07:13:44',1),
('2016_07_30_00.sql','7CEA690831DD7B6509FB165BD3C5BFF2138AB867','ARCHIVED','2021-10-14 07:13:44',1),
('2016_08_08_00.sql','909B26A005C244E715027F8FF31D721D236403AF','ARCHIVED','2021-10-14 07:13:44',1),
('2016_08_12_00.sql','9902E3CD09738DA232C168AA374551C1DB2B902E','ARCHIVED','2021-10-14 07:13:44',1),
('2016_08_14_00.sql','38462AB366B96C1979F049A5FAF33A1C2DE25E65','ARCHIVED','2021-10-14 07:13:44',1),
('2016_08_15_00.sql','0490565BD304DC7CB73B5A1F4B2348BFD53B9C31','ARCHIVED','2021-10-14 07:13:44',1),
('2016_08_25_00.sql','2318A3863066AD26B28F80C6ABC9DCCB86A136BA','ARCHIVED','2021-10-14 07:13:44',1),
('2016_11_18_00.sql','0D4DB0CCC7D7ABF467B1B614E7A5FFCDD5E2A5A3','ARCHIVED','2021-10-14 07:13:44',1),
('2016_11_19_00.sql','4981B8C9F2368AFB5EDB3160FF9CC63AFD9DB3D9','ARCHIVED','2021-10-14 07:13:44',1),
('2017_09_18_00.sql','393373BB3CB5525ECF5A69661170AE0B49677AC3','ARCHIVED','2021-10-14 07:13:44',1),
('2018_04_19_00.sql','1DFB571DEDBACAC579229C7365A2F52330BB84B4','ARCHIVED','2021-10-14 07:13:44',1),
('2018_08_08_00.sql','8623083F006C05A08D5B1322FF3EFE7304AEB6FC','ARCHIVED','2021-10-14 07:13:44',1),
('2018_12_23_00.sql','0135EE4A7AA472A4BB6F9B76BABE84F8A45645D2','ARCHIVED','2021-10-14 07:13:44',1),
('2019_01_06_00.sql','043ADFE28ABFBEA7304FCE95183C385646CF78D8','ARCHIVED','2021-10-14 07:13:44',1),
('2019_02_17_00.sql','FF8DE7049A60865CBE70B9736A9B63296A3969DF','ARCHIVED','2021-10-14 07:13:44',1),
('2019_05_12_00.sql','75DB225858A4D21DA92D21AC292A9DD9A5551BA5','ARCHIVED','2021-10-14 07:13:44',1),
('2019_05_15_00.sql','E2D51033471C04D47DA3C091B2FB7D2BBB816E8B','ARCHIVED','2021-10-14 07:13:44',1),
('2019_11_22_00.sql','CA433BC426072EF7DDC555B086F65B17BB83CAF5','ARCHIVED','2021-10-14 07:13:44',1),
('2019_12_09_00.sql','04D33DE31942314C86AC20EA39D74C44228E9819','ARCHIVED','2021-10-14 07:13:44',1),
('2020_01_04_00.sql','7DA0D914F60BE3827068447FE4EA6AA85266E328','ARCHIVED','2021-10-14 07:13:44',1),
('2021_01_25_00.sql','64733EF8381E24919D2B80E2E8524EA29651706F','ARCHIVED','2021-10-15 01:01:27',55),
('2021_03_28_00.sql','7CCFD84E6866D3CCD6ED08818C6D2D375C1B4F2F','ARCHIVED','2021-10-15 01:01:27',46),
('2021_04_25_00.sql','10264658F0C3BC460AAE00871DE316D5EB3CE29C','ARCHIVED','2021-10-15 01:01:28',302),
('2021_04_27_00.sql','A4F55A0714C7A205A3431CD85486AF3DA0EB386D','ARCHIVED','2021-10-15 01:01:28',68),
('2021_04_29_00.sql','2D91E2B5E2930FFFD97686CF164EFBACC4E15D75','ARCHIVED','2021-10-15 01:01:28',64),
('2021_05_28_00.sql','4B2B5E140376765534BBEB646E12C9B0BE21124F','ARCHIVED','2021-10-15 01:01:28',48),
('2021_05_30_00.sql','485DD24DC4BB64E488C9E57EED6AE5599080B9D4','ARCHIVED','2021-10-15 01:01:28',63),
('2021_06_08_00.sql','5F098821777262235B41F8F987D5075290C10B25','ARCHIVED','2021-10-15 01:01:28',55),
('2021_06_18_00.sql','DDBD76B308AF2913A84F444BE46DBF4D74C7AB7A','ARCHIVED','2021-10-15 01:01:28',59),
('2021_06_22_00.sql','BDCD91F558FC53DCED73762F2A21383E6727699A','ARCHIVED','2021-10-15 01:01:28',65),
('2021_06_23_00.sql','92354482E2319AC5BC85F186DEEFA856AF20DFA9','ARCHIVED','2021-10-15 01:01:28',70),
('2021_06_30_00.sql','8F7D9659DEBF99A79341ED980434A901E87F6BEE','ARCHIVED','2021-10-15 01:01:28',71),
('2021_07_06_00.sql','E2B95774C0CD17EE221D575D206B367D7B74D3FE','ARCHIVED','2021-10-15 01:01:28',45),
('2021_07_08_00.sql','524B15817531D3A6220DA7D88FF71C990EAD5EE7','ARCHIVED','2021-10-15 01:01:28',48),
('2021_07_21_00.sql','F3FAE7AA245D9A98484CF6A010608BD0D3A5CEF8','ARCHIVED','2021-10-15 01:01:28',63),
('2021_09_13_00.sql','BE22F6D5DACCF11F27B353AAE3A66056A0BC541A','ARCHIVED','2021-10-15 01:01:28',62),
('2021_09_25_00.sql','4A2003C9983E1F775032755E2BF7062CCE99FBB5','ARCHIVED','2021-10-15 01:01:28',62),
('2021_10_14_00.sql','FD481BA8924F107B9B5B2359999820D57A016907','ARCHIVED','2021-10-15 01:01:28',46),
('2021_10_14_01_characters.sql','D34A3947055382A390A134D91DD68903CA5FA7C4','ARCHIVED','2022-01-22 02:39:14',21),
('2021_11_06_00.sql','B36ED498D42A54BC818B6027AB1F92A7ACD0DA25','ARCHIVED','2022-01-22 02:39:14',70),
('2021_12_26_00.sql','089B77AAA7C676D7850070C1C05644CC50EC7F36','ARCHIVED','2022-01-22 02:39:14',46),
('2021_12_26_01.sql','22C450827DB8E89AF4B0F6B23B3D829B96F69B6A','ARCHIVED','2022-01-22 02:39:14',54),
('2022_01_25_00.sql','784BA8C193B91B471A6E6B8C4D5BCA5850AB883A','ARCHIVED','2022-04-24 18:20:00',51),
('2022_01_29_00.sql','1EADA7852AC70F49E8EA0030CC5FA087075F9DD4','ARCHIVED','2022-04-24 18:20:00',40),
('2022_02_16_00.sql','60440F15D2DD99B7327FD5BB77E03B44B29768EE','ARCHIVED','2022-04-24 18:20:00',33),
('2022_03_01_00.sql','CB1DF259CAF17989F36DC7E24DFA7B08F86AE6FD','ARCHIVED','2022-04-24 18:20:00',61),
('2022_04_19_00.sql','5D7010FF56BC3BDFF19BEEDCE394471F768763FE','ARCHIVED','2022-04-24 18:20:00',62),
('2022_04_24_00.sql','A2533CA2289827F447D37EDD003F84D44FCB3B98','ARCHIVED','2022-08-21 12:57:27',48),
('2022_04_28_00.sql','C311595439669E38C754C975DDD0FD0ECCDD446B','ARCHIVED','2022-08-21 12:57:27',35),
('2022_05_24_00.sql','4E4A70F946ECB111D9C2197BB87A3930E5AC5B5C','ARCHIVED','2022-08-21 12:57:27',38),
('2022_08_02_00.sql','91C7A066B1885F9AE59CF74FFF327D9A1875ED8B','ARCHIVED','2022-08-21 12:57:27',30),
('2022_08_07_00.sql','AC270742E652BFD6AF1A5C7F0DEC943C95CC3880','ARCHIVED','2022-08-21 12:57:27',46),
('2022_08_21_00.sql','E333B1A3FD1A25298D29B8FCAA0EE8AE5985202F','ARCHIVED','2023-01-31 23:21:23',30),
('2022_10_13_00.sql','7121BF9B0A15DA47B60438C82F6A8CA382F35D50','ARCHIVED','2023-01-31 23:21:23',54),
('2022_10_20_00.sql','BD0C6FF81228F0D56448EBB0648819214835C595','ARCHIVED','2023-01-31 23:21:23',33),
('2023_01_31_00.sql','0ACDD35EC9745231BCFA701B78056DEF94D0CC53','ARCHIVED','2023-04-23 21:20:30',40),
('2023_03_04_00.sql','0097D8B1669A50EC995EB20B0C67AB99F397DC62','ARCHIVED','2023-04-23 21:20:31',51),
('2023_04_22_00.sql','5D186CCA2236120C314CB65A8504B32F8D5E55BC','ARCHIVED','2023-04-23 21:20:31',71),
('2023_04_23_00.sql','0B1ADB9E87966E0D1740CEFDF984E68E7D2762FE','ARCHIVED','2023-04-23 21:20:35',4768),
('2023_04_24_00.sql','D164A70B22B2462464484614018C3218B3259AE4','RELEASED','2023-10-07 09:47:42',14),
('2023_05_23_00.sql','A1A442D3F5049CDA2C067761F768C08BEFFFD26A','RELEASED','2023-10-07 09:47:42',53),
('2023_09_16_00.sql','5760BA953E3F0C73492B979A33A86771B82CE464','RELEASED','2023-10-07 09:47:42',318);
/*!40000 ALTER TABLE `updates` ENABLE KEYS */;

--
-- Table structure for table `updates_include`
--

DROP TABLE IF EXISTS `updates_include`;
/*!40101 SET @saved_cs_client     = @@character_set_client */;
/*!40101 SET character_set_client = utf8 */;
CREATE TABLE `updates_include` (
  `path` varchar(200) CHARACTER SET utf8mb4 COLLATE utf8mb4_unicode_ci NOT NULL COMMENT 'directory to include. $ means relative to the source directory.',
  `state` enum('RELEASED','ARCHIVED','CUSTOM') CHARACTER SET utf8mb4 COLLATE utf8mb4_unicode_ci NOT NULL DEFAULT 'RELEASED' COMMENT 'defines if the directory contains released or archived updates.',
  PRIMARY KEY (`path`) USING BTREE
) ENGINE=InnoDB DEFAULT CHARSET=utf8mb4 COLLATE=utf8mb4_unicode_ci COMMENT='List of directories where we want to include sql updates.';
/*!40101 SET character_set_client = @saved_cs_client */;

--
-- Dumping data for table `updates_include`
--

/*!40000 ALTER TABLE `updates_include` DISABLE KEYS */;
INSERT INTO `updates_include` VALUES
('$/data/sql/archive/db_characters','ARCHIVED'),
('$/data/sql/custom/db_characters','CUSTOM'),
('$/data/sql/updates/db_characters','RELEASED');
/*!40000 ALTER TABLE `updates_include` ENABLE KEYS */;

--
-- Table structure for table `warden_action`
--

DROP TABLE IF EXISTS `warden_action`;
/*!40101 SET @saved_cs_client     = @@character_set_client */;
/*!40101 SET character_set_client = utf8 */;
CREATE TABLE `warden_action` (
  `wardenId` smallint unsigned NOT NULL,
  `action` tinyint unsigned DEFAULT NULL,
  PRIMARY KEY (`wardenId`)
) ENGINE=InnoDB DEFAULT CHARSET=utf8mb4 COLLATE=utf8mb4_unicode_ci;
/*!40101 SET character_set_client = @saved_cs_client */;

--
-- Dumping data for table `warden_action`
--

/*!40000 ALTER TABLE `warden_action` DISABLE KEYS */;
INSERT INTO `warden_action` VALUES
(437,0);
/*!40000 ALTER TABLE `warden_action` ENABLE KEYS */;

--
-- Table structure for table `worldstates`
--

DROP TABLE IF EXISTS `worldstates`;
/*!40101 SET @saved_cs_client     = @@character_set_client */;
/*!40101 SET character_set_client = utf8 */;
CREATE TABLE `worldstates` (
  `entry` int unsigned NOT NULL DEFAULT '0',
  `value` int unsigned NOT NULL DEFAULT '0',
  `comment` tinytext CHARACTER SET utf8mb4 COLLATE utf8mb4_unicode_ci,
  PRIMARY KEY (`entry`)
) ENGINE=InnoDB DEFAULT CHARSET=utf8mb4 COLLATE=utf8mb4_unicode_ci COMMENT='Variable Saves';
/*!40101 SET character_set_client = @saved_cs_client */;

--
-- Dumping data for table `worldstates`
--

/*!40000 ALTER TABLE `worldstates` DISABLE KEYS */;
INSERT INTO `worldstates` VALUES
(1,0,NULL),
(2,0,NULL),
(3,0,NULL),
(4,0,NULL),
(5,0,NULL),
(6,0,NULL),
(7,0,NULL),
(8,0,NULL),
(9,0,NULL),
(10,0,NULL),
(11,0,NULL),
(12,0,NULL),
(13,0,NULL),
(14,0,NULL),
(15,0,NULL),
(16,0,NULL),
(17,0,NULL),
(18,0,NULL),
(19,0,NULL),
(20,0,NULL),
(21,0,NULL),
(22,0,NULL),
(23,0,NULL),
(24,0,NULL),
(25,0,NULL),
(26,0,NULL),
(27,0,NULL),
(28,0,NULL),
(29,0,NULL),
(30,0,NULL),
(31,0,NULL),
(32,0,NULL),
(33,0,NULL),
(34,0,NULL),
(35,0,NULL),
(36,0,NULL),
(37,0,NULL),
(38,0,NULL),
(39,0,NULL),
(40,0,NULL),
(41,0,NULL),
(42,0,NULL),
(43,0,NULL),
(44,0,NULL),
(45,0,NULL),
(46,0,NULL),
(47,0,NULL),
(48,0,NULL),
(49,0,NULL),
(50,0,NULL),
(51,0,NULL),
(52,0,NULL),
(53,0,NULL),
(54,0,NULL),
(55,0,NULL),
(56,0,NULL),
(57,0,NULL),
(58,0,NULL),
(59,0,NULL),
(60,0,NULL),
(61,0,NULL),
(62,0,NULL),
(63,0,NULL),
(64,0,NULL),
(65,0,NULL),
(66,0,NULL),
(67,0,NULL),
(68,0,NULL),
(69,0,NULL),
(70,0,NULL),
(71,0,NULL),
(72,0,NULL),
(73,0,NULL),
(74,0,NULL),
(75,0,NULL),
(76,0,NULL),
(77,0,NULL),
(78,0,NULL),
(79,0,NULL),
(80,0,NULL),
(81,0,NULL),
(82,0,NULL),
(83,0,NULL),
(84,0,NULL),
(85,0,NULL),
(86,0,NULL),
(87,0,NULL),
(88,0,NULL),
(89,0,NULL),
(90,0,NULL),
(197,0,'Fishing Extravaganza - STV_FISHING_PREV_WIN_TIME'),
(198,0,'Fishing Extravaganza - STV_FISHING_HAS_WINNER'),
(199,1,'Fishing Extravaganza - STV_FISHING_ANNOUNCE_EVENT_BEGIN'),
(200,0,'Fishing Extravaganza - STV_FISHING_ANNOUNCE_POOLS_DESPAN'),
(3698,4,NULL),
(3699,4,NULL),
(3700,4,NULL),
(3701,4,NULL),
(3702,7,NULL),
(3703,7,NULL),
(3704,7,NULL),
(3705,7,NULL),
(3706,7,NULL),
(3711,4,NULL),
(3712,4,NULL),
(3713,4,NULL),
(3714,4,NULL),
(3749,4,NULL),
(3750,4,NULL),
(3751,4,NULL),
(3752,4,NULL),
(3753,4,NULL),
(3754,4,NULL),
(3755,4,NULL),
(3756,4,NULL),
(3757,4,NULL),
(3758,4,NULL),
(3759,4,NULL),
(3760,4,NULL),
(3761,4,NULL),
(3762,4,NULL),
(3763,4,NULL),
(3764,4,NULL),
(3765,4,NULL),
(3766,4,NULL),
(3767,4,NULL),
(3768,4,NULL),
(3769,4,NULL),
(3770,4,NULL),
(3771,4,NULL),
(3772,4,NULL),
(3773,4,NULL),
(3781,7329269,NULL),
(3801,0,NULL),
(3802,1,NULL),
(4024,25,NULL),
(20001,1454691600,'NextArenaPointDistributionTime'),
(20002,1697666400,'NextWeeklyQuestResetTime'),
(20003,1697148000,'NextBGRandomDailyResetTime'),
(20004,0,'cleaning_flags'),
(20005,1697148000,'NextDailyQuestResetTime'),
(20006,1697148000,'NextGuildDailyResetTime'),
(20007,1698818400,'NextMonthlyQuestResetTime'),
(20008,1697148000,NULL);
/*!40000 ALTER TABLE `worldstates` ENABLE KEYS */;

--
-- Dumping routines for database 'acore_characters'
--
/*!40103 SET TIME_ZONE=@OLD_TIME_ZONE */;

/*!40101 SET SQL_MODE=@OLD_SQL_MODE */;
/*!40014 SET FOREIGN_KEY_CHECKS=@OLD_FOREIGN_KEY_CHECKS */;
/*!40014 SET UNIQUE_CHECKS=@OLD_UNIQUE_CHECKS */;
/*!40101 SET CHARACTER_SET_CLIENT=@OLD_CHARACTER_SET_CLIENT */;
/*!40101 SET CHARACTER_SET_RESULTS=@OLD_CHARACTER_SET_RESULTS */;
/*!40101 SET COLLATION_CONNECTION=@OLD_COLLATION_CONNECTION */;
/*!40111 SET SQL_NOTES=@OLD_SQL_NOTES */;

-- Dump completed on 2023-10-12 17:44:16
